ano,indicador,valor_tijucas,media_similares,mediana_similares,diferenca_mediana,diferenca_pct_mediana,n_similares_validos,percentil_tijucas,ranking_tijucas,classificacao
2013,receita_total_realizada_per_capita,2577.5839480603895,2487.671284802159,2445.351961112337,132.2319869480525,5.407482810282373,20,65.0,8,bom desempenho relativo
2013,receita_propria_per_capita,646.7149203769906,667.9542228678688,593.7642119090278,52.95070846796273,8.917800602653271,20,55.00000000000001,10,bom desempenho relativo
2013,receita_tributaria_per_capita,358.64734895263985,391.2123990150385,331.7341397532395,26.91320919940034,8.112884980550913,20,60.0,9,bom desempenho relativo
2013,receita_propria_pct_receita_corrente,27.39022585249124,28.705291610406288,27.469482538616397,-0.0792566861251558,-0.2885263164813437,20,50.0,11,proximo da mediana
2013,transferencias_correntes_pct_receita_corrente,72.56334431746,71.2626694005258,72.51966091693319,0.04368340052680253,0.0602366309694128,20,50.0,11,proximo da mediana
2013,fpm_per_capita,350.9088560285993,299.17146703082096,298.41481153717245,52.49404449142685,17.59096481204247,20,90.0,19,ponto de atencao
2013,fpm_pct_receita_corrente,14.861993310220578,13.643174431838514,13.614773128954845,1.2472201812657335,9.160785636693735,20,60.0,13,ponto de atencao
2013,fpm_pct_receita_total,13.61386721439879,12.586553680250912,12.188191844887973,1.4256753695108166,11.697185174425853,20,55.00000000000001,12,ponto de atencao
2013,despesa_empenhada_total_per_capita,2219.728443288918,2160.7561991293924,2134.836634741153,84.89180854776487,3.97650139435882,20,65.0,14,proximo da mediana
2013,resultado_orcamentario_pct_receita,13.883369542270573,13.17879806065007,13.149103148416227,0.7342663938543463,5.584155706792723,20,60.0,9,bom desempenho relativo
2013,investimentos_pct_despesa_total,13.979193707154586,9.8113605168687,8.597586001383219,5.381607705771367,62.59440388157269,20,75.0,6,bom desempenho relativo
2013,investimentos_per_capita,310.3001388601649,212.54689809892375,176.85160434526676,133.44853451489814,75.45791569657861,20,80.0,5,bom desempenho relativo
2013,pessoal_encargos_pct_receita_corrente,50.707148977247975,47.79165009579718,47.91758612687069,2.789562850377287,5.821584674552267,20,65.0,14,ponto de atencao
2013,despesa_corrente_pct_despesa_total,82.39720210203275,88.03871211006474,88.41814700795018,-6.020944905917432,-6.809625749537654,20,10.0,3,bom desempenho relativo
2013,liquidado_empenhado_pct,97.19369296393434,96.74182504015687,97.38237338523403,-0.18868042129969353,-0.19375212858418883,20,45.0,12,proximo da mediana
2013,pago_liquidado_pct,97.35185842746226,96.16559527251215,97.39958475120153,-0.047726323739269105,-0.04900054128688711,20,50.0,11,proximo da mediana
2013,total_restos_pagar_pct_empenhado,6.557225785163298,6.796847822261794,6.935222020338786,-0.3779962351754884,-5.4503840550013605,20,35.0,8,bom desempenho relativo
2013,despesa_funcao_saude_pct_despesa_total,20.327335866038567,22.245580941723944,20.418480934403114,-0.09114506836454694,-0.4463851579231663,20,50.0,11,proximo da mediana
2013,despesa_funcao_educacao_pct_despesa_total,23.797620265904566,27.446986905491578,27.192536914630285,-3.3949166487257187,-12.48473674738,20,25.0,16,abaixo da mediana
2013,despesa_funcao_urbanismo_pct_despesa_total,5.263503210900331,11.623481927798494,10.182733334860325,-4.919230123959994,-48.30952517551586,19,5.263157894736842,19,abaixo da mediana
2013,despesa_funcao_administracao_pct_despesa_total,7.876723674133547,11.346460422918977,8.735318755122115,-0.8585950809885681,-9.829006874936477,20,25.0,6,bom desempenho relativo
2013,despesa_funcao_assistencia_social_pct_despesa_total,2.3328072739372954,3.6024491081510583,3.334493901160286,-1.0016866272229907,-30.04013973078311,20,10.0,19,abaixo da mediana
2013,despesa_funcao_saneamento_pct_despesa_total,12.503891718087246,3.1225382149688983,1.812724722108603,10.691166995978643,589.784365247826,16,100.0,1,acima da mediana
2013,despesa_funcao_transporte_pct_despesa_total,6.222682224181334,3.495666321982204,2.477449600230675,3.745232623950659,151.17290876883794,15,80.0,4,acima da mediana
2013,despesa_funcao_seguranca_publica_pct_despesa_total,0.5595660757515515,0.8664693516845048,0.7766436205574813,-0.21707754480592978,-27.950727857663942,20,35.0,14,abaixo da mediana
2013,despesa_funcao_previdencia_pct_despesa_total,4.084853893985362,5.186607149402201,5.438345004110761,-1.3534911101253986,-24.8879228717986,11,45.45454545454545,6,bom desempenho relativo
2013,despesa_funcao_saude_per_capita,451.21165598132774,474.9129366921276,469.5091917652056,-18.29753578387789,-3.8971624208431277,20,45.0,12,proximo da mediana
2013,despesa_funcao_educacao_per_capita,528.2425458681714,585.1004543986621,562.8888212545974,-34.64627538642594,-6.155083220378126,20,40.0,13,abaixo da mediana
2013,despesa_funcao_urbanismo_per_capita,116.83547788578012,251.0832264735558,209.4820699595892,-92.64659207380909,-44.22650210191324,19,15.789473684210526,17,abaixo da mediana
2013,despesa_funcao_administracao_per_capita,174.84187579401424,255.83274685854227,203.2493701054017,-28.407494311387467,-13.9766702827447,20,35.0,8,bom desempenho relativo
2013,despesa_funcao_assistencia_social_per_capita,51.78198658669896,76.43304411999851,66.98163787128432,-15.199651284585357,-22.69226577258959,20,15.0,18,abaixo da mediana
2013,despesa_funcao_saneamento_per_capita,277.55244098442995,76.27751973099784,29.371287635123167,248.18115334930678,844.9787984525523,16,100.0,1,acima da mediana
2013,despesa_funcao_transporte_per_capita,138.12664726563654,77.21609399712928,43.8204808315885,94.30616643404804,215.21025019439395,15,80.0,4,acima da mediana
2013,despesa_funcao_seguranca_publica_per_capita,12.420847342452802,18.509679724518687,13.478429020271232,-1.0575816778184297,-7.8464758483934025,20,45.0,12,abaixo da mediana
2013,despesa_funcao_previdencia_per_capita,90.67266375158803,110.54608317440629,115.0785150497245,-24.40585129813647,-21.207999849138563,11,36.36363636363637,5,bom desempenho relativo
2013,despesa_finalistica_pct_despesa_total,71.00740663480089,70.32357445192142,69.68380729617992,1.3235993386209657,1.899436023917605,20,60.0,9,proximo da mediana
2014,receita_total_realizada_per_capita,2885.5409783989835,2849.292589437103,2728.1286624146046,157.4123159843789,5.769974054121657,16,68.75,6,bom desempenho relativo
2014,receita_propria_per_capita,809.4063751877094,781.4188546517498,760.9494038270601,48.45697136064928,6.367962326659766,17,58.82352941176471,8,bom desempenho relativo
2014,receita_tributaria_per_capita,405.92379606099115,431.21878348582163,397.0917417053964,8.832054355594778,2.2241848489881986,17,52.94117647058824,9,proximo da mediana
2014,receita_propria_pct_receita_corrente,28.31216216239299,30.042722206013664,31.03466917471512,-2.7225070123221293,-8.77246990130714,17,23.52941176470588,14,ponto de atencao
2014,transferencias_correntes_pct_receita_corrente,71.64869339592411,69.91405435475093,68.96533082528488,2.6833625706392326,3.890886244622242,17,76.47058823529412,14,proximo da mediana
2014,fpm_per_capita,367.6226472796581,330.3414969986984,323.6709402910557,43.95170698860244,13.579132852977038,17,88.23529411764706,16,ponto de atencao
2014,fpm_pct_receita_corrente,12.859043767645293,13.31740098032257,13.325078730959056,-0.4660349633137635,-3.497427465332666,17,35.294117647058826,7,proximo da mediana
2014,fpm_pct_receita_total,12.740163804002888,12.085108011026197,12.072544820208044,0.6676189837948439,5.53006009700065,16,62.5,11,ponto de atencao
2014,despesa_empenhada_total_per_capita,2537.601859766663,2472.2717640977417,2308.9955640007747,228.60629576588826,9.900681462106592,17,58.82352941176471,11,ponto de atencao
2014,resultado_orcamentario_pct_receita,12.058020358642471,11.993776351389634,12.82869006318569,-0.7706697045432183,-6.007392031044527,16,37.5,11,ponto de atencao
2014,investimentos_pct_despesa_total,22.62255054555601,12.095320369489587,9.710197727702027,12.912352817853982,132.97723877461928,17,94.11764705882352,2,bom desempenho relativo
2014,investimentos_per_capita,574.0702633706826,294.03944966820217,254.60430668601595,319.46595668466665,125.47547244699189,17,94.11764705882352,2,bom desempenho relativo
2014,pessoal_encargos_pct_receita_corrente,38.27014795110786,46.33669062083953,45.28836596904648,-7.018218017938622,-15.496734907007701,17,11.76470588235294,3,bom desempenho relativo
2014,despesa_corrente_pct_despesa_total,74.99049365820612,86.1264878964094,86.14918916624418,-11.158695508038065,-12.952757438616002,17,5.88235294117647,2,bom desempenho relativo
2014,liquidado_empenhado_pct,96.80757749288759,94.94749254803095,96.50261870126975,0.30495879161783535,0.3160108976543481,17,64.70588235294117,7,proximo da mediana
2014,pago_liquidado_pct,98.33630377103452,96.67183047216663,97.69856587841345,0.6377378926210753,0.652760751283437,17,52.94117647058824,9,proximo da mediana
2014,total_restos_pagar_pct_empenhado,8.860175744201024,8.402696473801921,7.290031367993892,1.570144376207132,21.538238958760644,17,64.70588235294117,12,ponto de atencao
2014,despesa_funcao_saude_pct_despesa_total,19.319221828979362,22.952283058923683,21.392148725133126,-2.0729268961537635,-9.690129415182735,17,29.411764705882355,13,abaixo da mediana
2014,despesa_funcao_educacao_pct_despesa_total,26.972241723676927,26.11896592046284,26.700891368181555,0.2713503554953718,1.0162595388808995,17,58.82352941176471,8,proximo da mediana
2014,despesa_funcao_urbanismo_pct_despesa_total,12.012216617999783,9.622967473685147,10.246033273414255,1.766183344585528,17.237727981699084,17,64.70588235294117,7,acima da mediana
2014,despesa_funcao_administracao_pct_despesa_total,7.138489108119092,11.439348694006991,8.844708219770629,-1.7062191116515368,-19.290846789469153,17,17.647058823529413,4,bom desempenho relativo
2014,despesa_funcao_assistencia_social_pct_despesa_total,2.185990568571651,3.228839376731761,3.2458251115788572,-1.0598345430072063,-32.652238077352045,17,5.88235294117647,17,abaixo da mediana
2014,despesa_funcao_saneamento_pct_despesa_total,10.735375082267886,3.2504276804639103,2.7520647500332887,7.9833103322345975,290.08439325920773,14,92.85714285714286,2,acima da mediana
2014,despesa_funcao_transporte_pct_despesa_total,5.998445328660104,5.099514150057195,1.2754637729876128,4.722981555672491,370.29523344355783,13,53.84615384615385,7,acima da mediana
2014,despesa_funcao_seguranca_publica_pct_despesa_total,0.5180411622271289,1.096527778226056,0.876071289355288,-0.35803012712815907,-40.86769324350739,17,29.411764705882355,13,abaixo da mediana
2014,despesa_funcao_previdencia_pct_despesa_total,3.9771090332208505,4.488349513236543,3.8070152094779086,0.1700938237429419,4.467905022272513,10,50.0,6,proximo da mediana
2014,despesa_funcao_saude_per_capita,490.24493242462745,567.9200800644927,552.1184373688757,-61.873504944248225,-11.206563801619604,17,41.17647058823529,11,abaixo da mediana
2014,despesa_funcao_educacao_per_capita,684.4481076007855,638.3434569112485,608.816822454799,75.63128514598657,12.422666778660135,17,64.70588235294117,7,acima da mediana
2014,despesa_funcao_urbanismo_per_capita,304.82223229756266,223.9406649753079,257.96681657072804,46.85541572683462,18.163349980321225,17,82.35294117647058,4,acima da mediana
2014,despesa_funcao_administracao_per_capita,181.14643236687076,293.4609849167732,226.30967695425142,-45.16324458738066,-19.956391257856122,17,29.411764705882355,6,bom desempenho relativo
2014,despesa_funcao_assistencia_social_per_capita,55.47173732239806,78.35738001780432,73.56143900589878,-18.089701683500714,-24.591283052592445,17,17.647058823529413,15,abaixo da mediana
2014,despesa_funcao_saneamento_per_capita,272.42107774055677,86.90098113455883,51.87338138994741,220.54769635060936,425.1654518001972,14,100.0,1,acima da mediana
2014,despesa_funcao_transporte_per_capita,152.2166602171653,129.2003199035176,30.61323869013818,121.60342152702712,397.2249481927593,13,61.53846153846154,6,acima da mediana
2014,despesa_funcao_seguranca_publica_per_capita,13.14582216703246,26.01925571696055,21.105105763297544,-7.9592835962650845,-37.71259753697389,17,35.294117647058826,12,abaixo da mediana
2014,despesa_funcao_previdencia_per_capita,100.92319279196026,107.76255368492289,100.13236499005481,0.7908278019054507,0.7897824065016301,10,50.0,6,proximo da mediana
2014,despesa_finalistica_pct_despesa_total,77.74153231238286,69.59603487139645,69.87423463992714,7.86729767245572,11.259225539996446,17,82.35294117647058,4,bom desempenho relativo
2015,receita_total_realizada_per_capita,3411.493716067922,2822.0937295292315,2789.368641375191,622.1250746927308,22.303436894809856,20,85.0,4,bom desempenho relativo
2015,receita_propria_per_capita,980.5118600554464,838.2724456984531,727.3945211110988,253.11733894434758,34.7978066369966,20,70.0,7,bom desempenho relativo
2015,receita_tributaria_per_capita,460.8285324015248,482.75411343330217,428.3102382172125,32.51829418431231,7.592229015973473,20,70.0,7,bom desempenho relativo
2015,receita_propria_pct_receita_corrente,32.97757650294115,31.28009239464775,29.801321600510143,3.1762549024310047,10.658100821866347,20,75.0,6,bom desempenho relativo
2015,transferencias_correntes_pct_receita_corrente,66.96781615677368,68.70126033673183,70.18986660226128,-3.2220504454875964,-4.590478086738226,20,25.0,6,proximo da mediana
2015,fpm_per_capita,388.20732095414115,353.69228766601026,347.11275160515436,41.094569348986795,11.838968507769614,20,85.0,18,ponto de atencao
2015,fpm_pct_receita_corrente,13.056585185051281,13.891029926014761,13.940655522021949,-0.8840703369706677,-6.3416697699337625,20,35.0,8,bom desempenho relativo
2015,fpm_pct_receita_total,11.379394284846809,12.980391275187113,12.930994942633177,-1.5516006577863681,-11.999081777309945,20,25.0,6,bom desempenho relativo
2015,despesa_empenhada_total_per_capita,2889.0066400023106,2618.4236888993546,2555.259489061922,333.74715094038856,13.061184289463792,20,75.0,16,ponto de atencao
2015,resultado_orcamentario_pct_receita,15.315492847157541,6.645821791558551,9.623903295029512,5.691589552128029,59.14013657086083,20,90.0,3,bom desempenho relativo
2015,investimentos_pct_despesa_total,17.55587993862039,9.574035651665634,8.916103481342738,8.639776457277652,96.90080958971248,20,95.0,2,bom desempenho relativo
2015,investimentos_per_capita,507.1905371375766,245.20420555691717,210.63064348490337,296.5598936526732,140.79617701682076,20,100.0,1,bom desempenho relativo
2015,pessoal_encargos_pct_receita_corrente,45.975767320765485,49.12399274941847,48.66425972139869,-2.6884924006332085,-5.524572686453549,20,35.0,8,bom desempenho relativo
2015,despesa_corrente_pct_despesa_total,79.25148382919876,88.68363154080609,89.43970332613355,-10.188219496934792,-11.391159762442857,20,5.0,2,bom desempenho relativo
2015,liquidado_empenhado_pct,95.37581060079141,94.97736974968346,95.24796874637245,0.12784185441896057,0.13422003230260957,20,50.0,11,proximo da mediana
2015,pago_liquidado_pct,97.89437481808102,96.38933510135307,96.92163178636528,0.9727430317157371,1.0036387272759273,20,60.0,9,proximo da mediana
2015,total_restos_pagar_pct_empenhado,6.632446484678191,7.259469088255554,6.577405906060183,0.05504057861800771,0.8368128621542927,20,50.0,11,proximo da mediana
2015,despesa_funcao_saude_pct_despesa_total,19.590437576598514,23.083933316050178,21.311851984627047,-1.721414408028533,-8.077263342811534,20,30.0,15,abaixo da mediana
2015,despesa_funcao_educacao_pct_despesa_total,22.6684791847327,26.67006574246223,27.608937079695814,-4.940457894963114,-17.894415423172628,20,20.0,17,abaixo da mediana
2015,despesa_funcao_urbanismo_pct_despesa_total,9.295521695205533,10.096288359860734,9.506989863751684,-0.21146816854615125,-2.2243441044619026,19,47.368421052631575,11,proximo da mediana
2015,despesa_funcao_administracao_pct_despesa_total,8.024547688402887,11.22979236351836,8.800968570026994,-0.7764208816241069,-8.821993573165612,20,20.0,5,bom desempenho relativo
2015,despesa_funcao_assistencia_social_pct_despesa_total,2.4740821641572976,3.5204644038794717,3.3704908837449246,-0.8964087195876269,-26.595791251381,20,15.0,18,abaixo da mediana
2015,despesa_funcao_saneamento_pct_despesa_total,12.230231274244211,2.6850629533899433,1.6989264504410961,10.531304823803115,619.8799730894088,15,100.0,1,acima da mediana
2015,despesa_funcao_transporte_pct_despesa_total,5.803871379302388,4.466984632943975,3.0193061191672346,2.784565260135153,92.22533755216493,12,75.0,4,acima da mediana
2015,despesa_funcao_seguranca_publica_pct_despesa_total,0.7723002390377472,1.016108399601519,1.0361803761118897,-0.2638801370741425,-25.466621754053364,19,36.84210526315789,13,abaixo da mediana
2015,despesa_funcao_previdencia_pct_despesa_total,4.175755713192928,6.393647230272843,4.152413326563973,0.023342386628955047,0.5621402493732562,12,50.0,7,proximo da mediana
2015,despesa_funcao_saude_per_capita,565.9690423934388,604.6151487312841,584.8872288833281,-18.918186489889308,-3.234501551009769,20,45.0,12,proximo da mediana
2015,despesa_funcao_educacao_per_capita,654.8938688344692,691.8418738699447,672.3208876602587,-17.427018825789446,-2.592068630566744,20,50.0,11,proximo da mediana
2015,despesa_funcao_urbanismo_per_capita,268.54823899734316,254.94667004595829,269.43942859394707,-0.8911895966039083,-0.3307569353359031,19,47.368421052631575,11,proximo da mediana
2015,despesa_funcao_administracao_per_capita,231.82971554811135,307.06001112169463,239.82287813883676,-7.9931625907254045,-3.3329441514324807,20,45.0,10,proximo da mediana
2015,despesa_funcao_assistencia_social_per_capita,71.47639800161718,89.6272751353207,83.89429359005278,-12.417895588435599,-14.801835806753811,20,35.0,14,abaixo da mediana
2015,despesa_funcao_saneamento_per_capita,353.33219360055443,72.63891708803112,37.720141242937856,315.61205235761656,836.7202294522345,15,100.0,1,acima da mediana
2015,despesa_funcao_transporte_per_capita,167.6742295252397,115.66195359835915,63.869663867582815,103.80456565765688,162.52561759659287,12,83.33333333333334,3,acima da mediana
2015,despesa_funcao_seguranca_publica_per_capita,22.31180518655423,25.506297724757847,23.816085907842027,-1.5042807212877953,-6.316238222807528,19,47.368421052631575,11,abaixo da mediana
2015,despesa_funcao_previdencia_per_capita,120.63785982441955,172.34418172332425,116.70764906248932,3.9302107619302262,3.3675691297884467,12,50.0,7,proximo da mediana
2015,despesa_finalistica_pct_despesa_total,72.83492351327838,68.52522837868986,69.04646274302368,3.7884607702547015,5.48682817301525,20,70.0,7,bom desempenho relativo
2016,receita_total_realizada_per_capita,3487.8741672786846,3174.591370109682,3232.668313968459,255.2058533102254,7.894588263431576,20,75.0,6,bom desempenho relativo
2016,receita_propria_per_capita,1051.3624303711656,975.9435587692976,920.6714048723633,130.69102549880233,14.195186774256403,20,70.0,7,bom desempenho relativo
2016,receita_tributaria_per_capita,489.530609005141,529.7346550374355,451.1488138853408,38.38179511980019,8.507568664373103,20,60.0,9,bom desempenho relativo
2016,receita_propria_pct_receita_corrente,32.52058051671508,33.00522105981592,32.81411292134135,-0.2935324046262693,-0.8945309761379053,20,50.0,11,proximo da mediana
2016,transferencias_correntes_pct_receita_corrente,67.40596736739955,66.98757026776404,67.18588707865865,0.22008028874090257,0.3275692237020567,20,50.0,11,proximo da mediana
2016,fpm_per_capita,442.4297480368341,404.9583400127337,400.12134546476875,42.30840257206535,10.573892908142952,20,80.0,17,ponto de atencao
2016,fpm_pct_receita_corrente,13.685168718595323,14.421991324973018,14.27797582167228,-0.5928071030769573,-4.151898773894449,20,45.0,10,proximo da mediana
2016,fpm_pct_receita_total,12.684796721953632,13.350316150114576,12.9334451919636,-0.24864847000996804,-1.9225230889327902,20,50.0,11,proximo da mediana
2016,despesa_empenhada_total_per_capita,2930.969720072312,2747.2772221870614,2701.3536798856444,229.61604018666776,8.500036181726047,20,75.0,16,ponto de atencao
2016,resultado_orcamentario_pct_receita,15.966873244193936,12.459908872551017,12.581297267788674,3.3855759764052618,26.90959369566125,20,60.0,9,bom desempenho relativo
2016,investimentos_pct_despesa_total,9.331549745818334,9.45963850641979,8.618966195296013,0.7125835505223215,8.267622060186632,20,60.0,9,bom desempenho relativo
2016,investimentos_per_capita,273.50489746342015,261.25756986854026,230.17257869159693,43.332318771823225,18.826012645877867,20,70.0,7,bom desempenho relativo
2016,pessoal_encargos_pct_receita_corrente,48.74869135420396,48.28182437790959,48.36319177159999,0.38549958260396977,0.7970929305586986,20,50.0,11,proximo da mediana
2016,despesa_corrente_pct_despesa_total,87.51922548448933,88.55465828911132,88.86668105447362,-1.347455569984291,-1.5162663373895169,20,40.0,9,proximo da mediana
2016,liquidado_empenhado_pct,98.33375538864385,96.70074098760401,96.31656667707276,2.0171887115710945,2.0943320356655395,20,70.0,7,proximo da mediana
2016,pago_liquidado_pct,95.6829853807198,96.3930752636551,97.62546139953724,-1.9424760188174446,-1.989722753644934,20,35.0,14,proximo da mediana
2016,total_restos_pagar_pct_empenhado,5.911327207171131,6.645701452964227,6.032760046430884,-0.12143283925975279,-2.012890257944126,20,50.0,11,proximo da mediana
2016,despesa_funcao_saude_pct_despesa_total,20.5325920972179,23.23146897584448,21.9271620897471,-1.394569992529199,-6.360011326688212,20,40.0,13,abaixo da mediana
2016,despesa_funcao_educacao_pct_despesa_total,26.21108568750975,26.54963522894149,27.062231727096684,-0.8511460395869328,-3.145143564544617,20,40.0,13,proximo da mediana
2016,despesa_funcao_urbanismo_pct_despesa_total,5.478914861334678,10.705636819999649,11.119153024611922,-5.640238163277244,-50.725429812799064,20,15.0,18,abaixo da mediana
2016,despesa_funcao_administracao_pct_despesa_total,6.903827490465314,11.823844620603342,9.5000673957175,-2.596239905252185,-27.32864723067685,20,15.0,4,bom desempenho relativo
2016,despesa_funcao_assistencia_social_pct_despesa_total,2.7459481523821108,3.4259240756089375,3.2071122267537864,-0.4611640743716756,-14.37941804856833,20,30.0,15,abaixo da mediana
2016,despesa_funcao_saneamento_pct_despesa_total,8.755846900854007,2.7850093294021128,1.9436449037367667,6.81220199711724,350.48593413438834,15,93.33333333333333,2,acima da mediana
2016,despesa_funcao_transporte_pct_despesa_total,6.2682595058176025,4.4409938595001455,2.336618529947488,3.9316409758701143,168.2619959347182,13,76.92307692307693,4,acima da mediana
2016,despesa_funcao_seguranca_publica_pct_despesa_total,1.340931286818176,0.9355999729383727,0.8918569423520429,0.44907434446613304,50.35273294860666,20,90.0,3,acima da mediana
2016,despesa_funcao_previdencia_pct_despesa_total,5.444885278892566,4.836921777178853,4.5383263839698085,0.9065588949227577,19.975621368372448,13,53.84615384615385,8,ponto de atencao
2016,despesa_funcao_saude_per_capita,601.8040571154172,634.3245880251777,581.0900119195162,20.714045195901008,3.5646878746850676,20,60.0,9,proximo da mediana
2016,despesa_funcao_educacao_per_capita,768.2389848031185,728.1662897138376,715.8506641262701,52.388320676848366,7.318330945573797,20,60.0,9,acima da mediana
2016,despesa_funcao_urbanismo_per_capita,160.58533557426134,285.5971797668432,272.87348438810295,-112.28814881384162,-41.15026018949362,20,15.0,18,abaixo da mediana
2016,despesa_funcao_administracao_per_capita,202.34909327156657,329.1549620561032,248.76656637103784,-46.417473099471266,-18.659048029082467,20,30.0,7,bom desempenho relativo
2016,despesa_funcao_assistencia_social_per_capita,80.48290887520479,92.76547088481436,84.88794112714969,-4.4050322519449026,-5.1892320551711935,20,35.0,14,abaixo da mediana
2016,despesa_funcao_saneamento_per_capita,256.6312213999209,78.83291893780947,56.93760797642508,199.6936134234958,350.7235736109227,15,93.33333333333333,2,acima da mediana
2016,despesa_funcao_transporte_per_capita,183.7207880910683,123.7474192919599,63.390903866032666,120.32988422503564,189.82200424107396,13,76.92307692307693,4,acima da mediana
2016,despesa_funcao_seguranca_publica_per_capita,39.302289983616745,24.584575788107962,26.34192924242815,12.960360741188595,49.20049940880462,20,95.0,2,acima da mediana
2016,despesa_funcao_previdencia_per_capita,159.58793881701598,134.12580402801302,148.12186593690976,11.466072880106225,7.740972480720722,13,69.23076923076923,10,ponto de atencao
2016,despesa_finalistica_pct_despesa_total,71.33357849193422,69.82366807905962,69.29803302067525,2.0355454712589705,2.937378425519899,20,60.0,9,proximo da mediana
2017,receita_total_realizada_per_capita,3652.485240530827,3329.7022941596188,3246.7016650283967,405.78357550243027,12.498332688626663,20,70.0,7,bom desempenho relativo
2017,receita_propria_per_capita,1168.5593500138239,1039.93601730141,989.2227637542894,179.33658625953444,18.129039568288725,20,70.0,7,bom desempenho relativo
2017,receita_tributaria_per_capita,535.4159803704728,587.7057090196192,528.6517170500831,6.764263320389659,1.279531135949915,20,50.0,11,proximo da mediana
2017,receita_propria_pct_receita_corrente,33.32821510451543,33.03626838838646,32.64235034568793,0.6858647588274991,2.101150044540534,20,55.00000000000001,10,proximo da mediana
2017,transferencias_correntes_pct_receita_corrente,66.59457165035587,66.9411672818049,67.35173160987219,-0.757159959516315,-1.1241878143565547,20,45.0,10,proximo da mediana
2017,fpm_per_capita,419.00375559856235,387.1319336773444,384.85577383891683,34.14798175964552,8.872929570218249,20,75.0,16,ponto de atencao
2017,fpm_pct_receita_corrente,11.950310693268166,12.998785369466408,12.897051489999509,-0.9467407967313424,-7.3407537952799045,20,40.0,9,bom desempenho relativo
2017,fpm_pct_receita_total,11.471743977195846,12.09274423071044,11.861978972290334,-0.3902349950944881,-3.2897967194688156,20,45.0,10,proximo da mediana
2017,despesa_empenhada_total_per_capita,2919.4071191595244,2841.2866321244974,2779.3162418405527,140.0908773189717,5.0404799284805035,20,55.00000000000001,12,ponto de atencao
2017,resultado_orcamentario_pct_receita,20.070666220262723,14.265959226724727,14.306181293344686,5.764484926918037,40.293666134370234,20,90.0,3,bom desempenho relativo
2017,investimentos_pct_despesa_total,4.647391891746193,7.581786534223918,7.507089408509163,-2.85969751676297,-38.09329236869817,20,25.0,16,ponto de atencao
2017,investimentos_per_capita,135.67628974288084,215.18444561045098,201.1137859788556,-65.43749623597475,-32.537548789845076,20,25.0,16,ponto de atencao
2017,pessoal_encargos_pct_receita_corrente,50.4605802245125,50.07468991386092,50.86457204667687,-0.4039918221643717,-0.7942499187718333,20,45.0,10,proximo da mediana
2017,despesa_corrente_pct_despesa_total,92.27804224037956,90.7857230729464,90.36837776908035,1.9096644712992088,2.113199902933969,20,65.0,14,proximo da mediana
2017,liquidado_empenhado_pct,96.98252526845377,97.02354856637787,97.3730288748004,-0.39050360634662695,-0.40103877927914305,20,45.0,12,proximo da mediana
2017,pago_liquidado_pct,97.41369080033533,96.36239987407451,98.30707586583732,-0.8933850655019882,-0.9087698496100303,20,25.0,16,proximo da mediana
2017,total_restos_pagar_pct_empenhado,5.525742704631378,6.522549646123774,5.093523410086352,0.4322192945450265,8.48566423959361,20,60.0,13,ponto de atencao
2017,despesa_funcao_saude_pct_despesa_total,21.13411352306503,23.201312468629816,21.84754406902863,-0.7134305459636003,-3.265495397146122,20,40.0,13,proximo da mediana
2017,despesa_funcao_educacao_pct_despesa_total,29.852832477399925,27.30228170635855,27.33317090328059,2.5196615741193362,9.218328832155075,20,75.0,6,acima da mediana
2017,despesa_funcao_urbanismo_pct_despesa_total,5.023391879738043,8.933885816394797,9.732378957236648,-4.708987077498605,-48.38474845861989,20,15.0,18,abaixo da mediana
2017,despesa_funcao_administracao_pct_despesa_total,6.646271364733895,11.413208635638151,9.19026114743938,-2.5439897827054843,-27.68136554437628,20,10.0,3,bom desempenho relativo
2017,despesa_funcao_assistencia_social_pct_despesa_total,2.516341540576718,3.3975141326350915,3.412306184878136,-0.8959646443014178,-26.25686546746436,20,30.0,15,abaixo da mediana
2017,despesa_funcao_saneamento_pct_despesa_total,5.405226805555119,2.71939806785733,1.8509848315655364,3.554241973989583,192.01896813943398,14,85.71428571428571,3,acima da mediana
2017,despesa_funcao_transporte_pct_despesa_total,6.0308424960698055,4.204762541593942,3.3639488577664256,2.66689363830338,79.27866180683043,12,66.66666666666666,5,acima da mediana
2017,despesa_funcao_seguranca_publica_pct_despesa_total,1.1272508846315108,0.9651376343050228,0.7987424744281408,0.32850841020336996,41.12820098099395,20,70.0,7,acima da mediana
2017,despesa_funcao_previdencia_pct_despesa_total,6.434725350113908,5.794134257022988,5.392346273978562,1.0423790761353455,19.330714742216674,13,53.84615384615385,8,ponto de atencao
2017,despesa_funcao_saude_per_capita,616.9908147636163,655.336858288022,598.5247598892587,18.46605487435761,3.0852616486198947,20,50.0,11,proximo da mediana
2017,despesa_funcao_educacao_per_capita,871.5257166159802,774.1396884695691,761.2540724846938,110.2716441312864,14.485524362630397,20,75.0,6,acima da mediana
2017,despesa_funcao_urbanismo_per_capita,146.65326016035388,245.29256132301595,242.09563828636675,-95.44237812601287,-39.42341910890493,20,15.0,18,abaixo da mediana
2017,despesa_funcao_administracao_per_capita,194.03171938070224,324.28207253540097,254.51565980919725,-60.483940428495,-23.764329658079976,20,20.0,5,bom desempenho relativo
2017,despesa_funcao_assistencia_social_per_capita,73.46225407796517,95.27264298543388,96.56320302112046,-23.100948943155288,-23.923138649514982,20,35.0,14,abaixo da mediana
2017,despesa_funcao_saneamento_per_capita,157.8005761680951,78.1942978667728,42.63433874134627,115.16623742674882,270.12553924065435,14,85.71428571428571,3,acima da mediana
2017,despesa_funcao_transporte_per_capita,176.06484517555987,118.33758225844242,86.79763057441507,89.2672146011448,102.84522055543033,12,75.0,4,acima da mediana
2017,despesa_funcao_seguranca_publica_per_capita,32.90904257672104,26.300002898955086,24.989395616105664,7.919646960615378,31.692030820910155,20,70.0,7,acima da mediana
2017,despesa_funcao_previdencia_per_capita,187.85582996958806,174.3990254394684,193.688950408256,-5.833120438667947,-3.0115917435521973,13,46.15384615384615,7,proximo da mediana
2017,despesa_finalistica_pct_despesa_total,71.08999960703613,68.22656793077978,68.14525123134122,2.944748375694914,4.321281853812539,20,70.0,7,proximo da mediana
2018,receita_total_realizada_per_capita,4118.175702792369,3633.882332831747,3626.8942801397584,491.2814226526102,13.545512626127035,20,70.0,7,bom desempenho relativo
2018,receita_propria_per_capita,1306.9598100635885,1139.2490315412476,1058.6652534219024,248.29455664168609,23.453547364393852,20,65.0,8,bom desempenho relativo
2018,receita_tributaria_per_capita,714.0283323196019,723.5187513184552,643.997982833799,70.03034948580284,10.874311931482564,20,60.0,9,bom desempenho relativo
2018,receita_propria_pct_receita_corrente,33.744493042799036,32.86475720007242,31.441880189931524,2.3026128528675116,7.323394272092118,20,60.0,9,bom desempenho relativo
2018,transferencias_correntes_pct_receita_corrente,66.25550695720095,67.11288175619343,68.55811981006849,-2.30261285286754,-3.3586289403015055,20,40.0,9,proximo da mediana
2018,fpm_per_capita,446.8161921481891,414.0337695678271,410.6956359005492,36.12055624763991,8.794969580925029,20,75.0,16,ponto de atencao
2018,fpm_pct_receita_corrente,11.536380668523345,12.775211226154351,12.307955803892074,-0.7715751353687299,-6.268913763280976,20,40.0,9,bom desempenho relativo
2018,fpm_pct_receita_total,10.84985742218869,12.003026875905288,11.327523735807038,-0.4776663136183483,-4.216864380591975,20,40.0,9,proximo da mediana
2018,despesa_empenhada_total_per_capita,3535.7395468620402,3184.3608997788606,3184.817226054867,350.92232080717304,11.01860156797354,20,70.0,15,ponto de atencao
2018,resultado_orcamentario_pct_receita,14.143062316049368,11.340908298775716,12.965499603024515,1.1775627130248534,9.082277961353363,20,55.00000000000001,10,bom desempenho relativo
2018,investimentos_pct_despesa_total,9.95653557671579,8.41489103638445,8.88578303180445,1.0707525449113398,12.050176569457607,20,70.0,7,bom desempenho relativo
2018,investimentos_per_capita,352.0371658833287,269.05643648213606,241.7048797726596,110.33228611066912,45.6475211482881,20,75.0,6,bom desempenho relativo
2018,pessoal_encargos_pct_receita_corrente,50.47433872604387,49.89458766553691,49.531684819500285,0.9426539065435833,1.9031331358477572,20,55.00000000000001,12,proximo da mediana
2018,despesa_corrente_pct_despesa_total,88.60996295405951,90.26033399083326,90.70078864245406,-2.0908256883945455,-2.3051901970077235,20,25.0,6,proximo da mediana
2018,liquidado_empenhado_pct,94.9974742531808,95.9064485892971,96.23117772282673,-1.2337034696459312,-1.2820205455651281,20,30.0,15,proximo da mediana
2018,pago_liquidado_pct,96.80830392726818,97.16257938764862,97.82872859640456,-1.020424669136375,-1.0430726063569409,20,35.0,14,proximo da mediana
2018,total_restos_pagar_pct_empenhado,8.034556401752385,6.826704098781353,6.663314784122486,1.3712416176298987,20.578971008503572,20,65.0,14,ponto de atencao
2018,despesa_funcao_saude_pct_despesa_total,19.174497596820913,22.225545364622548,21.20795380116798,-2.0334562043470683,-9.588177263169444,20,40.0,13,abaixo da mediana
2018,despesa_funcao_educacao_pct_despesa_total,27.9077032385878,26.78010485519085,26.587366082029405,1.320337156558395,4.966032184176456,20,75.0,6,proximo da mediana
2018,despesa_funcao_urbanismo_pct_despesa_total,8.280658905317624,10.371746776140595,11.303871102308243,-3.0232121969906185,-26.744928083736557,19,21.052631578947366,16,abaixo da mediana
2018,despesa_funcao_administracao_pct_despesa_total,6.2242619084737205,11.90298721408075,10.475676222761956,-4.251414314288236,-40.583674255324894,20,5.0,2,bom desempenho relativo
2018,despesa_funcao_assistencia_social_pct_despesa_total,3.11680191948806,3.453122215308798,3.0456682002021185,0.07113371928594159,2.3355702134993224,20,50.0,11,proximo da mediana
2018,despesa_funcao_saneamento_pct_despesa_total,5.326451192277335,3.0454188458251257,2.222137039838919,3.104314152438416,139.6994918307759,14,85.71428571428571,3,acima da mediana
2018,despesa_funcao_transporte_pct_despesa_total,9.08610879201678,4.242575460448036,5.208402664541088,3.877706127475692,74.45096658665035,13,92.3076923076923,2,acima da mediana
2018,despesa_funcao_seguranca_publica_pct_despesa_total,1.3017263956425722,1.2259510695862992,0.9985011304966964,0.3032252651458758,30.368044249988856,20,65.0,8,acima da mediana
2018,despesa_funcao_previdencia_pct_despesa_total,5.6425743001799145,5.749270025458687,4.982203556060023,0.6603707441198914,13.254591802389529,13,53.84615384615385,8,ponto de atencao
2018,despesa_funcao_saude_per_capita,677.9602944429085,699.8088898947022,652.568797086353,25.391497356555533,3.8910069666103775,20,60.0,9,proximo da mediana
2018,despesa_funcao_educacao_per_capita,986.7437000276473,854.482018454217,828.1185738662534,158.62512616139384,19.154880854901926,20,80.0,5,acima da mediana
2018,despesa_funcao_urbanismo_per_capita,292.78253165606856,324.7419009431372,297.47926665422654,-4.696734998157979,-1.5788444858636834,19,42.10526315789473,12,proximo da mediana
2018,despesa_funcao_administracao_per_capita,220.07368979817528,384.7295519624011,312.1797823046035,-92.10609250642824,-29.504182438232807,20,15.0,4,bom desempenho relativo
2018,despesa_funcao_assistencia_social_per_capita,110.2019980646945,108.41421689887113,101.33165729269703,8.870340771997462,8.753770548107621,20,60.0,9,acima da mediana
2018,despesa_funcao_saneamento_per_capita,188.3294412496544,103.00659051251617,68.47665236671357,119.85278888294083,175.02723153154776,14,85.71428571428571,3,acima da mediana
2018,despesa_funcao_transporte_per_capita,321.26114183024606,127.68545304212236,128.32756524832155,192.9335765819245,150.34460928841474,13,100.0,1,acima da mediana
2018,despesa_funcao_seguranca_publica_per_capita,46.02565496267625,38.3376616758443,33.39974188374593,12.625913078930317,37.80242710520691,20,65.0,8,acima da mediana
2018,despesa_funcao_previdencia_per_capita,199.50673099253524,189.30465640454946,184.434217872969,15.072513119566253,8.172297577636925,13,53.84615384615385,8,ponto de atencao
2018,despesa_finalistica_pct_despesa_total,74.19394804015108,68.42735018341087,69.36826625110808,4.825681789043003,6.9566129439856335,20,85.0,4,bom desempenho relativo
2019,receita_total_realizada_per_capita,4599.552616814982,4098.719489455913,4004.4026223673704,595.1499944476113,14.862391486892083,20,70.0,7,bom desempenho relativo
2019,receita_propria_per_capita,1456.952194979413,1306.4543053972634,1239.548693036161,217.40350194325197,17.538923897434152,20,60.0,9,bom desempenho relativo
2019,receita_tributaria_per_capita,765.0306136273077,792.5679455645062,692.1907482638662,72.8398653634415,10.523091437748402,20,55.00000000000001,10,bom desempenho relativo
2019,receita_propria_pct_receita_corrente,34.548004610198205,33.967314565520304,32.8585402729492,1.6894643372490066,5.141629309199285,20,65.0,8,bom desempenho relativo
2019,transferencias_correntes_pct_receita_corrente,65.45199538980181,66.01718692492612,67.1414597270508,-1.6894643372489924,-2.5162758511911227,20,35.0,8,proximo da mediana
2019,fpm_per_capita,523.9133016336831,438.3873276989449,439.6839928116513,84.22930882203178,19.156783098563547,20,95.0,20,ponto de atencao
2019,fpm_pct_receita_corrente,12.423303401825343,12.259061427655622,11.737830107360633,0.6854732944647104,5.839863826576084,20,60.0,13,ponto de atencao
2019,fpm_pct_receita_total,11.390527411695823,11.327584320220454,10.573744365385995,0.816783046309828,7.724633943143483,20,60.0,13,ponto de atencao
2019,despesa_empenhada_total_per_capita,4159.793701421171,3602.455229729113,3489.295642346121,670.4980590750502,19.215856946539013,20,70.0,15,ponto de atencao
2019,resultado_orcamentario_pct_receita,9.560906288714822,11.315957571268909,11.373194154298751,-1.8122878655839294,-15.934730744915093,20,30.0,15,ponto de atencao
2019,investimentos_pct_despesa_total,14.939987590209041,12.101933817905323,11.765328541914574,3.174659048294467,26.983173797353682,20,70.0,7,bom desempenho relativo
2019,investimentos_per_capita,621.4726627706203,443.7949391274815,459.98808355640085,161.48457921421948,35.10625274587559,20,75.0,6,bom desempenho relativo
2019,pessoal_encargos_pct_receita_corrente,51.05078490355176,48.14961435504145,48.488180010620155,2.5626048929316028,5.285009444302357,20,70.0,15,ponto de atencao
2019,despesa_corrente_pct_despesa_total,83.30034230220939,86.65464017210617,86.05037763039519,-2.7500353281858025,-3.19584341628086,20,20.0,5,proximo da mediana
2019,liquidado_empenhado_pct,93.29046383473705,95.15300033658518,96.97568612967498,-3.6852222949379296,-3.800150782135313,20,45.0,12,proximo da mediana
2019,pago_liquidado_pct,97.02641700095093,97.07924318677925,97.9566108241368,-0.9301938231858742,-0.9495978018838027,20,35.0,14,proximo da mediana
2019,total_restos_pagar_pct_empenhado,9.483605537586726,7.496256276364494,8.131886477297554,1.351719060289172,16.622453646676888,20,60.0,13,ponto de atencao
2019,despesa_funcao_saude_pct_despesa_total,20.67586636832812,21.331816018332244,20.432586818891302,0.24327954943681718,1.1906448830643845,20,55.00000000000001,10,proximo da mediana
2019,despesa_funcao_educacao_pct_despesa_total,23.842505265017344,25.895189607167605,25.228730492043738,-1.3862252270263937,-5.494629337229476,20,25.0,16,abaixo da mediana
2019,despesa_funcao_urbanismo_pct_despesa_total,12.619919916618972,12.50734707559547,12.95368864061564,-0.333768723996668,-2.5766307440040896,19,42.10526315789473,12,proximo da mediana
2019,despesa_funcao_administracao_pct_despesa_total,6.263135384196099,11.254512433762738,10.077795376059083,-3.8146599918629835,-37.8521278664293,20,10.0,3,bom desempenho relativo
2019,despesa_funcao_assistencia_social_pct_despesa_total,2.8905005066619953,3.314742752420154,3.055318384491067,-0.16481787782907187,-5.394458353855846,20,40.0,13,abaixo da mediana
2019,despesa_funcao_saneamento_pct_despesa_total,6.979204430492607,3.36763960139877,3.1089694128878103,3.870235017604797,124.48610789032738,14,78.57142857142857,4,acima da mediana
2019,despesa_funcao_transporte_pct_despesa_total,6.661072644894091,5.959321648111191,6.073682896625045,0.5873897482690458,9.671063805379761,13,53.84615384615385,7,acima da mediana
2019,despesa_funcao_seguranca_publica_pct_despesa_total,1.6476406341531036,1.3378292536317427,1.342078753290933,0.3055618808621705,22.767805548884315,20,60.0,9,acima da mediana
2019,despesa_funcao_previdencia_pct_despesa_total,5.590466690203441,5.4192143753394655,4.871084273887457,0.7193824163159839,14.768424766789504,13,61.53846153846154,9,ponto de atencao
2019,despesa_funcao_saude_per_capita,860.0733869039713,756.42363005065,714.8021762044115,145.2712106995598,20.323274821426494,20,75.0,6,acima da mediana
2019,despesa_funcao_educacao_per_capita,991.7990322752025,935.4703001703226,900.6642368277845,91.13479544741801,10.118620427119707,20,80.0,5,acima da mediana
2019,despesa_funcao_urbanismo_per_capita,524.9626338159119,446.72654701678755,424.6600226440104,100.3026111719015,23.619508741934133,19,63.1578947368421,8,acima da mediana
2019,despesa_funcao_administracao_per_capita,260.53351122327,412.10524885662414,329.02576413545626,-68.49225291218625,-20.81668379136071,20,30.0,7,bom desempenho relativo
2019,despesa_funcao_assistencia_social_per_capita,120.23885801567272,117.07572244696334,105.00185583248587,15.237002183186846,14.51117417152618,20,60.0,9,acima da mediana
2019,despesa_funcao_saneamento_per_capita,290.3205063089388,132.14045862773463,108.66156951865686,181.65893679028193,167.17864245379928,14,78.57142857142857,4,acima da mediana
2019,despesa_funcao_transporte_per_capita,277.086880329393,200.39155072329842,177.85443519052257,99.23244513887045,55.79419204956566,13,76.92307692307693,4,acima da mediana
2019,despesa_funcao_seguranca_publica_per_capita,68.53845132155665,47.68068861898815,46.58835132077671,21.95010000077994,47.114996299495566,20,75.0,6,acima da mediana
2019,despesa_funcao_previdencia_per_capita,232.55188125913136,201.53856126235956,171.12564743347545,61.42623382565591,35.895398934595804,13,61.53846153846154,9,ponto de atencao
2019,despesa_finalistica_pct_despesa_total,75.31670976616624,69.99246414561884,70.53476533945613,4.781944426710112,6.779556724540716,20,80.0,5,bom desempenho relativo
2020,receita_total_realizada_per_capita,4877.160321816335,4357.282716657883,4146.071889376309,731.0884324400267,17.633279208528243,20,65.0,8,bom desempenho relativo
2020,receita_propria_per_capita,1429.801728070404,1305.3617961763296,1218.3048958434074,211.4968322269965,17.35992631635791,20,60.0,9,bom desempenho relativo
2020,receita_tributaria_per_capita,813.349815918973,828.8848684662619,775.0824331581191,38.267382760853934,4.937201660593858,20,55.00000000000001,10,proximo da mediana
2020,receita_propria_pct_receita_corrente,32.1908583039803,31.585278228282924,31.502750738736044,0.6881075652442554,2.184277718955357,20,55.00000000000001,10,proximo da mediana
2020,transferencias_correntes_pct_receita_corrente,67.78710285828127,68.40718222493119,68.49724926126396,-0.7101464029826872,-1.0367517099468164,20,45.0,10,proximo da mediana
2020,fpm_per_capita,489.9031939490197,421.34635545932076,428.05233110105326,61.850862847966425,14.449369470520384,20,90.0,19,ponto de atencao
2020,fpm_pct_receita_corrente,11.029784052900329,16.01547416749013,10.48173191484626,0.5480521380540679,5.228641053849223,20,60.0,13,ponto de atencao
2020,fpm_pct_receita_total,10.044844984028977,14.323859736423637,9.076153596185328,0.9686913878436485,10.67292854376975,20,60.0,13,ponto de atencao
2020,despesa_empenhada_total_per_capita,4052.1422761475774,3628.087951697444,3667.5410778814826,384.6011982660948,10.48662278346602,20,65.0,14,ponto de atencao
2020,resultado_orcamentario_pct_receita,16.915950906479686,15.7144676379236,15.445570960725394,1.470379945754292,9.51975132219545,20,65.0,8,bom desempenho relativo
2020,investimentos_pct_despesa_total,10.753956166638469,14.146644401618719,13.281249289579213,-2.527293122940744,-19.029031590602845,20,25.0,16,ponto de atencao
2020,investimentos_per_capita,435.7656041867368,511.2640443258132,539.047871125358,-103.2822669386212,-19.16012889968402,20,45.0,12,ponto de atencao
2020,pessoal_encargos_pct_receita_corrente,50.64653983726316,47.43977890706457,47.17878164128305,3.4677581959801103,7.350249572671676,20,70.0,15,ponto de atencao
2020,despesa_corrente_pct_despesa_total,87.06306355825264,84.78450645030826,85.32237211448616,1.7406914437664796,2.0401348446229406,20,55.00000000000001,12,proximo da mediana
2020,liquidado_empenhado_pct,94.75110110138192,94.74159881824457,94.92846978061038,-0.177368679228465,-0.1868445574213748,20,50.0,11,proximo da mediana
2020,pago_liquidado_pct,97.83439709945317,98.0992743117965,98.7940352582118,-0.9596381587586365,-0.971352325320542,20,30.0,15,proximo da mediana
2020,total_restos_pagar_pct_empenhado,7.300831492369659,6.796821470313736,6.46754127609395,0.8332902162757092,12.88418860743587,20,55.00000000000001,12,ponto de atencao
2020,despesa_funcao_saude_pct_despesa_total,21.471224387859632,23.05203052993354,22.29605450887686,-0.8248301210172286,-3.6994443150864837,20,35.0,14,proximo da mediana
2020,despesa_funcao_educacao_pct_despesa_total,22.267095716488157,23.256257797356184,22.61714918150954,-0.35005346502138224,-1.5477346955272573,20,45.0,12,proximo da mediana
2020,despesa_funcao_urbanismo_pct_despesa_total,12.626347655356508,13.866452641621295,12.880519304831086,-0.2541716494745785,-1.9733028106968211,19,42.10526315789473,12,proximo da mediana
2020,despesa_funcao_administracao_pct_despesa_total,7.186614643265169,10.731201796125848,8.828334234243215,-1.6417195909780462,-18.59602896104871,20,25.0,6,bom desempenho relativo
2020,despesa_funcao_assistencia_social_pct_despesa_total,3.19146731017119,3.072259930163727,2.8456446865756724,0.3458226235955175,12.152698656544706,20,65.0,8,acima da mediana
2020,despesa_funcao_saneamento_pct_despesa_total,5.791502060143324,3.5065122423660444,3.1468323619668173,2.6446696981765063,84.0422810614401,12,75.0,4,acima da mediana
2020,despesa_funcao_transporte_pct_despesa_total,4.886751321502728,6.604500550382268,5.218534250646736,-0.3317829291440084,-6.357780043369273,13,46.15384615384615,8,abaixo da mediana
2020,despesa_funcao_seguranca_publica_pct_despesa_total,1.3846534144046416,1.0771371750640397,0.9946636966616761,0.38998971774296554,39.20819861545789,19,78.94736842105263,5,acima da mediana
2020,despesa_funcao_previdencia_pct_despesa_total,5.930552851253538,5.895328183269328,5.017591697539547,0.912961153713991,18.195206161586952,13,53.84615384615385,8,ponto de atencao
2020,despesa_funcao_saude_per_capita,870.0445606269691,831.6832503615876,799.1507762450551,70.89378438191397,8.871140026293961,20,55.00000000000001,10,acima da mediana
2020,despesa_funcao_educacao_per_capita,902.2943991980629,849.2060821073835,841.1664764611323,61.1279227369306,7.267042190518767,20,70.0,7,acima da mediana
2020,despesa_funcao_urbanismo_per_capita,511.6375712760694,500.21517551811945,471.6177670780777,40.01980419799173,8.485643881895216,19,52.63157894736842,10,acima da mediana
2020,despesa_funcao_administracao_per_capita,291.2118501835603,395.8832622859114,320.78145599069285,-29.569605807132575,-9.217991020026577,20,40.0,9,bom desempenho relativo
2020,despesa_funcao_assistencia_social_per_capita,129.32279610487672,106.60635204221862,104.90071131629546,24.42208478858126,23.28114317065407,20,70.0,7,acima da mediana
2020,despesa_funcao_saneamento_per_capita,234.67990340302552,139.69087914665468,138.44440961957184,96.23549378345368,69.51201138991235,12,75.0,4,acima da mediana
2020,despesa_funcao_transporte_per_capita,198.01811622881246,229.08658720762014,176.5608157254736,21.45730050333887,12.152923294544502,13,61.53846153846154,6,acima da mediana
2020,despesa_funcao_seguranca_publica_per_capita,56.10812638321139,40.370657638180944,34.22894182857306,21.87918455463833,63.92013128601711,19,78.94736842105263,5,acima da mediana
2020,despesa_funcao_previdencia_per_capita,240.3144392949202,205.4903638568946,178.1525842204407,62.16185507447949,34.892480143629165,13,61.53846153846154,9,ponto de atencao
2020,despesa_finalistica_pct_despesa_total,71.61904186592618,69.97379128647262,71.96434256677048,-0.3453007008443052,-0.4798219347643255,20,45.0,12,proximo da mediana
2021,receita_total_realizada_per_capita,5218.885844975099,4953.449764427047,4540.1623272712495,678.7235177038492,14.949322706524878,20,65.0,8,bom desempenho relativo
2021,receita_propria_per_capita,1696.6765830672969,1574.5714434692125,1337.8972557556478,358.779327311649,26.816657689383593,20,65.0,8,bom desempenho relativo
2021,receita_tributaria_per_capita,978.8363292044438,1062.6076468749282,927.7359525442184,51.10037666022538,5.508073339196132,20,55.00000000000001,10,bom desempenho relativo
2021,receita_propria_pct_receita_corrente,34.148869209918864,33.93924201397133,33.12299576051164,1.0258734494072215,3.097163846001637,20,60.0,9,proximo da mediana
2021,transferencias_correntes_pct_receita_corrente,65.79551867068307,66.052227046701,66.87641644918418,-1.080897778501111,-1.6162615102476783,20,40.0,9,proximo da mediana
2021,fpm_per_capita,639.962908185417,554.7819622333976,565.9923615992248,73.9705465861922,13.069177537517765,20,95.0,20,ponto de atencao
2021,fpm_pct_receita_corrente,12.880480504607933,12.820486367901992,12.547769599228108,0.33271090537982495,2.6515541487173313,20,55.00000000000001,12,proximo da mediana
2021,fpm_pct_receita_total,12.262443118996224,11.72942034107058,11.0766896264058,1.1857534925904236,10.704944641255429,20,60.0,13,ponto de atencao
2021,despesa_empenhada_total_per_capita,4593.296363682799,4215.671606817501,3890.111310883006,703.1850527997931,18.07621933163087,20,65.0,14,ponto de atencao
2021,resultado_orcamentario_pct_receita,11.98703132958227,14.611251724764198,14.143085466713885,-2.1560541371316138,-15.244581122032688,20,30.0,15,ponto de atencao
2021,investimentos_pct_despesa_total,8.874266689967618,12.059834099063181,11.809060424817996,-2.9347937348503788,-24.852051130863874,20,35.0,14,ponto de atencao
2021,investimentos_per_capita,407.6213691737965,518.9322731402428,408.3216912862306,-0.7003221124340939,-0.1715123461180937,20,50.0,11,proximo da mediana
2021,pessoal_encargos_pct_receita_corrente,45.205557097340986,44.035295831179546,44.69666406737491,0.5088930299660746,1.1385481234102366,20,55.00000000000001,12,proximo da mediana
2021,despesa_corrente_pct_despesa_total,88.64602683388685,85.66550295358113,85.13857595274499,3.507450881141864,4.119696438296815,20,70.0,15,proximo da mediana
2021,liquidado_empenhado_pct,94.01318562621671,93.1964217244712,93.71176660761586,0.3014190186008534,0.32164479393813644,20,50.0,11,proximo da mediana
2021,pago_liquidado_pct,97.12990668416214,98.489250681947,98.75295348130456,-1.6230467971424218,-1.643542537135043,20,15.0,18,proximo da mediana
2021,total_restos_pagar_pct_empenhado,8.685080530447568,7.5175634018437325,8.094060823488181,0.5910197069593863,7.301893571695239,20,50.0,11,ponto de atencao
2021,despesa_funcao_saude_pct_despesa_total,21.423607298176144,22.972641535398974,21.939892399080342,-0.5162851009041987,-2.353179730844258,20,45.0,12,proximo da mediana
2021,despesa_funcao_educacao_pct_despesa_total,26.582503344402912,25.95152769535769,26.93922408593778,-0.3567207415348683,-1.3241685818303721,20,40.0,13,proximo da mediana
2021,despesa_funcao_urbanismo_pct_despesa_total,8.293163057287705,11.601743255535082,11.809526832789626,-3.5163637755019206,-29.775653379596847,19,15.789473684210526,17,abaixo da mediana
2021,despesa_funcao_administracao_pct_despesa_total,8.57040298544566,9.994433043289819,8.737861437413729,-0.1674584519680682,-1.9164695293867384,20,50.0,11,proximo da mediana
2021,despesa_funcao_assistencia_social_pct_despesa_total,3.2232833179269615,2.934947973957033,2.749990336750387,0.4732929811765745,17.210714337849495,20,75.0,6,acima da mediana
2021,despesa_funcao_saneamento_pct_despesa_total,5.725306299021373,3.139790315632019,2.331683692555706,3.3936226064656667,145.54386674746578,14,71.42857142857143,5,acima da mediana
2021,despesa_funcao_transporte_pct_despesa_total,7.205053214972337,4.868540273174697,5.938712151146742,1.2663410638255952,21.323496266460225,14,71.42857142857143,5,acima da mediana
2021,despesa_funcao_seguranca_publica_pct_despesa_total,1.010080743101944,1.1059249808055482,0.9158693456075604,0.09421139749438368,10.286554293602505,20,55.00000000000001,10,acima da mediana
2021,despesa_funcao_previdencia_pct_despesa_total,5.749894051237143,5.923490619451389,5.123761652785871,0.6261323984512721,12.220170274915773,13,53.84615384615385,8,ponto de atencao
2021,despesa_funcao_saude_per_capita,984.0497749968075,956.7961572860643,928.0360953223719,56.01367967443559,6.035722097099911,20,65.0,8,acima da mediana
2021,despesa_funcao_educacao_per_capita,1221.0131594943175,1102.7450078910128,1077.704028431317,143.30913106300045,13.297633420893689,20,80.0,5,acima da mediana
2021,despesa_funcao_urbanismo_per_capita,380.9295571446814,489.9249875897451,456.0031097957591,-75.0735526510777,-16.463386112586527,19,31.57894736842105,14,abaixo da mediana
2021,despesa_funcao_administracao_per_capita,393.6640086834376,431.35743431592556,354.1997060914739,39.4643025919637,11.14182251234614,20,70.0,15,ponto de atencao
2021,despesa_funcao_assistencia_social_per_capita,148.0549554335334,120.9289149516056,123.49437658925861,24.560578844274787,19.888013950597195,20,65.0,8,acima da mediana
2021,despesa_funcao_saneamento_per_capita,262.980286042651,137.90790587487007,91.21976443323953,171.76052160941148,188.29309928235656,14,71.42857142857143,5,acima da mediana
2021,despesa_funcao_transporte_per_capita,330.949447324735,193.24909723712872,182.79681941717996,148.15262790755503,81.04770552349724,14,78.57142857142857,4,acima da mediana
2021,despesa_funcao_seguranca_publica_per_capita,46.39600204316179,46.906084384090136,32.407617617966196,13.988384425195598,43.163877672515774,20,60.0,9,acima da mediana
2021,despesa_funcao_previdencia_per_capita,264.1096743710893,253.19470824504782,225.95806496985935,38.15160940122993,16.88437604841367,13,53.84615384615385,8,ponto de atencao
2021,despesa_finalistica_pct_despesa_total,73.46299727488936,69.59252969044228,70.26279454426628,3.200202730623076,4.554619199791313,20,70.0,7,proximo da mediana
2022,receita_total_realizada_per_capita,6580.110224372635,6177.206685147034,5669.87665767338,910.2335666992549,16.05385128558982,20,70.0,7,bom desempenho relativo
2022,receita_propria_per_capita,2167.765902128406,2082.8537245912344,1779.3036986813174,388.46220344708877,21.832259649377843,20,60.0,9,bom desempenho relativo
2022,receita_tributaria_per_capita,1159.3703118654264,1268.2913683178303,1163.3824548694934,-4.012143004066957,-0.3448687907638278,20,50.0,11,proximo da mediana
2022,receita_propria_pct_receita_corrente,36.692506814758424,36.37866337137075,35.91328224942145,0.7792245653369747,2.169739206584293,20,50.0,11,proximo da mediana
2022,transferencias_correntes_pct_receita_corrente,63.264861247601914,63.61576928698781,64.08671775057856,-0.8218565029766438,-1.2824131611409046,20,50.0,11,proximo da mediana
2022,fpm_per_capita,788.1514507759031,691.075174739017,703.0535915442132,85.09785923168988,12.104035916348534,20,95.0,20,ponto de atencao
2022,fpm_pct_receita_corrente,13.340579095861962,12.940549310588215,12.684477956733186,0.6561011391287757,5.172472539798167,20,55.00000000000001,12,ponto de atencao
2022,fpm_pct_receita_total,11.977784929143,11.646995669116443,11.4981479547737,0.479636974369301,4.171428096558538,20,55.00000000000001,12,proximo da mediana
2022,despesa_empenhada_total_per_capita,6100.927155105417,5435.533241840202,5196.890133570332,904.0370215350849,17.39573087557269,20,80.0,17,ponto de atencao
2022,resultado_orcamentario_pct_receita,7.28229547724489,11.465715890582747,11.034553660017298,-3.752258182772408,-34.00462128675285,20,20.0,17,ponto de atencao
2022,investimentos_pct_despesa_total,13.108343272825213,16.144660546096787,14.868158319702523,-1.7598150468773106,-11.836133359874799,20,35.0,14,ponto de atencao
2022,investimentos_per_capita,799.7304743162275,870.8491890579562,905.1597623347716,-105.42928801854407,-11.647588901499496,20,35.0,14,ponto de atencao
2022,pessoal_encargos_pct_receita_corrente,49.50404462419149,42.92041456652157,43.56052257056081,5.94352205363068,13.644285474314872,20,95.0,20,ponto de atencao
2022,despesa_corrente_pct_despesa_total,85.63056267645862,82.00218095083923,83.19588801601748,2.4346746604411464,2.9264362921066542,20,70.0,15,proximo da mediana
2022,liquidado_empenhado_pct,92.26913813992074,92.06086149658482,92.6227865273415,-0.3536483874207619,-0.38181575040000304,20,50.0,11,proximo da mediana
2022,pago_liquidado_pct,96.42333544237303,98.13781953060713,98.02446696031012,-1.601131517937091,-1.6333998720802896,20,5.0,20,proximo da mediana
2022,total_restos_pagar_pct_empenhado,11.031019421557678,8.937730501667481,8.951872635229869,2.0791467863278097,23.225830740099898,20,65.0,14,ponto de atencao
2022,despesa_funcao_saude_pct_despesa_total,20.193803787881492,21.09249149407082,20.501313168926345,-0.30750938104485215,-1.4999496788866256,20,45.0,12,proximo da mediana
2022,despesa_funcao_educacao_pct_despesa_total,28.8062979535792,26.245310895868375,25.559561755083223,3.2467361984959773,12.702628588106657,20,75.0,6,acima da mediana
2022,despesa_funcao_urbanismo_pct_despesa_total,10.203465433294094,13.68869933817729,13.442640915166079,-3.2391754818719853,-24.09627321233825,19,21.052631578947366,16,abaixo da mediana
2022,despesa_funcao_administracao_pct_despesa_total,6.8095629714994015,8.941666331710374,7.771300573578012,-0.9617376020786104,-12.37550385515218,20,30.0,7,bom desempenho relativo
2022,despesa_funcao_assistencia_social_pct_despesa_total,3.0015805938300097,2.8519256891937537,2.5900891296047908,0.411491464225219,15.887154597185868,20,60.0,9,acima da mediana
2022,despesa_funcao_saneamento_pct_despesa_total,5.686471094954149,2.3766681131656306,0.5233137960030448,5.163157298951104,986.6273999245117,15,86.66666666666667,3,acima da mediana
2022,despesa_funcao_transporte_pct_despesa_total,5.854312217524569,4.936344093118682,5.17827705261224,0.6760351649123288,13.055214273853796,14,64.28571428571429,6,acima da mediana
2022,despesa_funcao_seguranca_publica_pct_despesa_total,0.9976522330538796,1.240934920974346,0.9664485787953293,0.031203654258550317,3.2286926529961306,20,50.0,11,proximo da mediana
2022,despesa_funcao_previdencia_pct_despesa_total,5.697695952408345,5.971351544034113,6.149461949305134,-0.4517659968967891,-7.346431291404884,14,42.857142857142854,7,bom desempenho relativo
2022,despesa_funcao_saude_per_capita,1232.0092589435683,1140.1343332346728,1072.8213614229433,159.18789752062503,14.838248309064724,20,65.0,8,acima da mediana
2022,despesa_funcao_educacao_per_capita,1757.4512542304897,1436.560814498771,1372.465732324073,384.9855219064166,28.05064730137189,20,80.0,5,acima da mediana
2022,despesa_funcao_urbanismo_per_capita,622.5059933816341,738.1079217670241,699.3133544294816,-76.80736104784751,-10.983253867718428,19,36.84210526315789,13,abaixo da mediana
2022,despesa_funcao_administracao_per_capita,415.4464764722104,499.5405144644249,438.2108683470185,-22.764391874808098,-5.194848763262761,20,40.0,9,bom desempenho relativo
2022,despesa_funcao_assistencia_social_per_capita,183.1242455313495,153.34320146544468,141.0452149939851,42.07903053736439,29.833717180096365,20,70.0,7,acima da mediana
2022,despesa_funcao_saneamento_per_capita,346.927459199278,131.38371892726838,38.239664363600646,308.6877948356774,807.2450424787446,15,93.33333333333333,2,acima da mediana
2022,despesa_funcao_transporte_per_capita,357.16732382361056,253.87661196883204,243.03294447901675,114.13437934459381,46.962513493493915,14,71.42857142857143,5,acima da mediana
2022,despesa_funcao_seguranca_publica_per_capita,60.86603599989972,69.80365478038455,51.52248962353672,9.343546376363001,18.1348891418761,20,65.0,8,acima da mediana
2022,despesa_funcao_previdencia_per_capita,347.6122795758229,317.01462632221813,340.36514076467824,7.24713881114468,2.129224748122843,14,50.0,8,proximo da mediana
2022,despesa_finalistica_pct_despesa_total,74.74358331411739,69.67286932143303,69.30351043198503,5.440072882132355,7.849635391083519,20,75.0,6,bom desempenho relativo
2023,receita_total_realizada_per_capita,7795.681593672441,6921.467327688867,6280.930926379095,1514.750667293346,24.116658582115427,20,75.0,6,bom desempenho relativo
2023,receita_propria_per_capita,2959.862473864975,2353.6817671679464,1977.9139992923688,981.9484745726063,49.645660778169045,20,80.0,5,bom desempenho relativo
2023,receita_tributaria_per_capita,1408.7730329163428,1510.9450818640048,1267.6972156877157,141.0758172286271,11.128510458397953,20,55.00000000000001,10,bom desempenho relativo
2023,receita_propria_pct_receita_corrente,38.17558747317715,36.78393185970632,37.571249834438916,0.6043376387382366,1.6085108730779643,20,55.00000000000001,10,proximo da mediana
2023,transferencias_correntes_pct_receita_corrente,61.792353725256355,63.214026070484636,62.425788261353915,-0.6334345360975604,-1.0147001002944518,20,45.0,10,proximo da mediana
2023,fpm_per_capita,902.8954985083607,727.9264994856974,722.6704796760785,180.22501883228222,24.93875478531574,20,95.0,20,ponto de atencao
2023,fpm_pct_receita_corrente,11.64532689839299,12.184380955262899,12.224801791965536,-0.5794748935725469,-4.7401577827903365,20,45.0,10,proximo da mediana
2023,fpm_pct_receita_total,11.581995591523626,11.038859892778904,10.712690265384044,0.8693053261395818,8.114724729310725,20,60.0,13,ponto de atencao
2023,despesa_empenhada_total_per_capita,6822.709020281281,6149.173214472112,5770.366657348874,1052.342362932407,18.237010322250356,20,80.0,17,ponto de atencao
2023,resultado_orcamentario_pct_receita,12.480917309153531,10.901265598987171,11.597437168000337,0.8834801411531945,7.617891162979474,20,70.0,7,bom desempenho relativo
2023,investimentos_pct_despesa_total,7.346211769728737,13.327457835929138,14.221906361460455,-6.875694591731718,-48.34580130807196,20,15.0,18,ponto de atencao
2023,investimentos_per_capita,501.2106530622477,843.9220366557896,811.4643106992485,-310.2536576370008,-38.23380197333035,20,30.0,15,ponto de atencao
2023,pessoal_encargos_pct_receita_corrente,45.57082899998676,44.972834828450104,45.13868279552976,0.43214620445699836,0.9573744240932862,20,55.00000000000001,12,proximo da mediana
2023,despesa_corrente_pct_despesa_total,91.60814630700328,84.84748354188608,84.37319761598974,7.2349486910135425,8.574937178441644,20,95.0,20,ponto de atencao
2023,liquidado_empenhado_pct,96.84569521155227,93.11704848698054,93.19495538596556,3.6507398255867116,3.917314848713888,20,80.0,5,proximo da mediana
2023,pago_liquidado_pct,96.01825539687394,98.00252456829821,98.45447188418001,-2.436216487306069,-2.474459961729304,20,15.0,18,proximo da mediana
2023,total_restos_pagar_pct_empenhado,7.010453030893617,8.289825206145569,8.572172861622057,-1.5617198307284408,-18.218482710729266,20,35.0,8,bom desempenho relativo
2023,despesa_funcao_saude_pct_despesa_total,21.885269093928944,21.189301506946965,20.598191451984626,1.2870776419443182,6.248498296292459,20,65.0,8,acima da mediana
2023,despesa_funcao_educacao_pct_despesa_total,29.072114186306496,26.21118725514192,25.7258337660866,3.346280420219898,13.007471208304136,20,80.0,5,acima da mediana
2023,despesa_funcao_urbanismo_pct_despesa_total,8.892201194681665,13.217270134833878,12.327976614487051,-3.4357754198053865,-27.869743164242237,19,5.263157894736842,19,abaixo da mediana
2023,despesa_funcao_administracao_pct_despesa_total,5.984325925565907,9.096215806014524,8.346170184275945,-2.361844258710038,-28.298539408646565,20,20.0,5,bom desempenho relativo
2023,despesa_funcao_assistencia_social_pct_despesa_total,3.149766209431078,2.9652116347284423,2.778265180372847,0.3715010290582308,13.371690783252548,20,65.0,8,acima da mediana
2023,despesa_funcao_saneamento_pct_despesa_total,5.285019720735397,2.445366878425173,1.0603854670244712,4.224634253710926,398.40552186796725,15,80.0,4,acima da mediana
2023,despesa_funcao_transporte_pct_despesa_total,5.999567248907252,4.905634891160735,4.864429477782791,1.1351377711244615,23.33547595476413,14,57.14285714285714,7,acima da mediana
2023,despesa_funcao_seguranca_publica_pct_despesa_total,0.9533132443481955,1.25130329221814,1.00263213749929,-0.04931889315109439,-4.918941983457948,20,50.0,11,proximo da mediana
2023,despesa_funcao_previdencia_pct_despesa_total,5.975776999943356,6.211226505608477,6.735254854690558,-0.7594778547472014,-11.276156153442164,14,42.857142857142854,7,bom desempenho relativo
2023,despesa_funcao_saude_per_capita,1493.1682285843215,1283.7836638754125,1178.6590233473696,314.50920523695186,26.683646330874524,20,70.0,7,acima da mediana
2023,despesa_funcao_educacao_per_capita,1983.5057569756073,1631.1717218378121,1469.1091510387998,514.3966059368074,35.0141856766109,20,80.0,5,acima da mediana
2023,despesa_funcao_urbanismo_per_capita,606.6890130111058,821.2562627115855,680.0871509964602,-73.39813798535442,-10.792460624761379,19,31.57894736842105,14,abaixo da mediana
2023,despesa_funcao_administracao_per_capita,408.29314472661633,577.6468986400906,476.4864675851094,-68.19332285849305,-14.311701905010018,20,25.0,6,bom desempenho relativo
2023,despesa_funcao_assistencia_social_per_capita,214.89938328862593,177.58385469454146,151.77750891477808,63.121874373847845,41.58842428313295,20,70.0,7,acima da mediana
2023,despesa_funcao_saneamento_per_capita,360.5815172102585,148.50093919486423,55.76560781277319,304.8159093974853,546.6019673288073,15,86.66666666666667,3,acima da mediana
2023,despesa_funcao_transporte_per_capita,409.33301586903656,280.77957542168804,250.6469336994969,158.68608216953965,63.310601820403654,14,71.42857142857143,5,acima da mediana
2023,despesa_funcao_seguranca_publica_per_capita,65.04178871368046,79.94592463026794,58.1486481142077,6.893140599472758,11.854343691592254,20,55.00000000000001,10,acima da mediana
2023,despesa_funcao_previdencia_per_capita,407.7098764070295,371.3273885368343,395.2338419458562,12.476034461173299,3.1566210018226153,14,50.0,8,proximo da mediana
2023,despesa_finalistica_pct_despesa_total,75.23725089833904,69.44137989975903,68.42278237230906,6.814468526029984,9.959356064987828,20,75.0,6,bom desempenho relativo
2024,receita_total_realizada_per_capita,7714.372796822573,7459.546670346623,6892.719592193647,821.6532046289258,11.920595254730651,20,60.0,9,bom desempenho relativo
2024,receita_propria_per_capita,2298.486159598981,2360.650958076761,1999.6212771288356,298.8648824701454,14.946074333599398,20,60.0,9,bom desempenho relativo
2024,receita_tributaria_per_capita,1352.8758640902292,1555.4851370862393,1375.151233268545,-22.275369178315714,-1.6198486856874812,20,45.0,12,proximo da mediana
2024,receita_propria_pct_receita_corrente,32.94849654058223,34.45395946209708,34.45634243083002,-1.5078458902477934,-4.376105482683616,20,45.0,12,proximo da mediana
2024,transferencias_correntes_pct_receita_corrente,67.03030270079392,65.54078043956585,65.497499907463,1.53280279333093,2.3402462620657642,20,55.00000000000001,12,proximo da mediana
2024,fpm_per_capita,920.8898944900352,825.8992590861665,826.0558384040668,94.83405608596843,11.48034450905729,20,85.0,18,ponto de atencao
2024,fpm_pct_receita_corrente,13.20083541775855,12.816707406242097,12.633810669782761,0.567024747975788,4.488152963475888,20,60.0,13,proximo da mediana
2024,fpm_pct_receita_total,11.937326841001708,11.62041861597989,11.380764037193515,0.5565628038081929,4.890381717688619,20,65.0,14,proximo da mediana
2024,despesa_empenhada_total_per_capita,6827.2099409791,6580.349493930354,6187.635041739586,639.5748992395138,10.336338438275188,20,65.0,14,ponto de atencao
2024,resultado_orcamentario_pct_receita,11.500129423468897,11.342137718254076,12.27735719769283,-0.7772277742239329,-6.330578818460948,20,35.0,14,ponto de atencao
2024,investimentos_pct_despesa_total,15.160461851096944,13.354325216321765,12.847431398135434,2.3130304529615096,18.00383579629157,20,60.0,9,bom desempenho relativo
2024,investimentos_per_capita,1035.0365585964346,883.9568463470392,795.4702546960202,239.56630390041437,30.116312016212582,20,65.0,8,bom desempenho relativo
2024,pessoal_encargos_pct_receita_corrente,45.55141128785702,42.68392264656704,43.81542490044626,1.7359863874107617,3.962043940815648,20,75.0,16,proximo da mediana
2024,despesa_corrente_pct_despesa_total,83.9818247764317,84.94193786899724,84.78451841312328,-0.8026936366915862,-0.9467455282111295,20,45.0,10,proximo da mediana
2024,liquidado_empenhado_pct,92.12144743966701,93.50949672482069,94.61258019961755,-2.4911327599505455,-2.6329825850797537,20,25.0,16,proximo da mediana
2024,pago_liquidado_pct,95.01244814218465,98.51824392481682,98.92193043028564,-3.909482288100989,-3.9520885521498816,20,5.0,20,proximo da mediana
2024,total_restos_pagar_pct_empenhado,12.473157523556493,7.3256668183594496,6.336776801752126,6.1363807218043664,96.83757079952146,20,85.0,18,ponto de atencao
2024,despesa_funcao_saude_pct_despesa_total,19.218064604353838,22.083961867670123,21.523973793911463,-2.3059091895576245,-10.713213143801088,20,30.0,15,abaixo da mediana
2024,despesa_funcao_educacao_pct_despesa_total,26.164786009077222,26.161894622532763,26.078686083262927,0.08609992581429537,0.3301543856135971,20,55.00000000000001,10,proximo da mediana
2024,despesa_funcao_urbanismo_pct_despesa_total,17.57173371611894,11.942927543668985,11.550937105432121,6.020796610686817,52.123880129651,19,89.47368421052632,3,acima da mediana
2024,despesa_funcao_administracao_pct_despesa_total,5.7272655488784485,8.594302955437149,7.835800686090758,-2.10853513721231,-26.90899400944624,20,25.0,6,bom desempenho relativo
2024,despesa_funcao_assistencia_social_pct_despesa_total,2.9714608419266746,2.9610608639719347,2.846958784824459,0.12450205710221551,4.373159800059845,20,65.0,8,proximo da mediana
2024,despesa_funcao_saneamento_pct_despesa_total,4.9933111430376025,2.423758079109688,1.3103561501401422,3.6829549928974603,281.06518922382816,16,81.25,4,acima da mediana
2024,despesa_funcao_transporte_pct_despesa_total,4.548425520354374,5.495725742288845,4.11963832598011,0.42878719437426405,10.408369872426862,14,50.0,8,acima da mediana
2024,despesa_funcao_seguranca_publica_pct_despesa_total,0.8901593030352959,1.1697453342389168,0.8051748691739082,0.08498443386138765,10.554779727362805,20,55.00000000000001,10,acima da mediana
2024,despesa_funcao_previdencia_pct_despesa_total,5.584416782243537,6.235176324160535,6.525487156008824,-0.941070373765287,-14.42145775888513,14,42.857142857142854,7,bom desempenho relativo
2024,despesa_funcao_saude_per_capita,1312.057617132231,1436.8801942992873,1341.3825479158381,-29.324930783607215,-2.186172082615103,20,45.0,12,proximo da mediana
2024,despesa_funcao_educacao_per_capita,1786.324871447629,1720.6659825160718,1594.173543485786,192.15132796184298,12.053350699930007,20,65.0,8,acima da mediana
2024,despesa_funcao_urbanismo_per_capita,1199.6591510692485,786.8892888402539,683.0691080805134,516.5900429887351,75.62778595571396,19,89.47368421052632,3,acima da mediana
2024,despesa_funcao_administracao_per_capita,391.01244289930065,593.8094003755233,468.65413811383416,-77.64169521453351,-16.566949675727532,20,30.0,7,bom desempenho relativo
2024,despesa_funcao_assistencia_social_per_capita,202.86786999231919,195.2810665398592,166.22212744392885,36.64574254839033,22.04624806089786,20,60.0,9,acima da mediana
2024,despesa_funcao_saneamento_per_capita,340.90383474148035,162.2420055821253,70.1045994946004,270.79923524687996,386.27884218600735,16,81.25,4,acima da mediana
2024,despesa_funcao_transporte_per_capita,310.53055928366416,344.4341244849978,242.22462230704502,68.30593697661914,28.199419334849544,14,50.0,8,acima da mediana
2024,despesa_funcao_seguranca_publica_per_capita,60.773044427376,79.18574257504812,54.19295870765394,6.580085719722057,12.141956956472129,20,60.0,9,acima da mediana
2024,despesa_funcao_previdencia_per_capita,381.25985770303595,406.1195728246883,426.3962309893129,-45.13637328627698,-10.585546964510636,14,50.0,8,bom desempenho relativo
2024,despesa_finalistica_pct_despesa_total,76.35794113790395,69.50845833778922,68.88068409603756,7.477257041866395,10.855375697838827,20,80.0,5,bom desempenho relativo
