CD_SETOR,NM_UF,NM_MUN,nm_mesorregiao,SITUACAO,AREA_KM2,V06004,V06002,populacao_cidade,moradores_km2,obras_proximidade,area_total_sum,cno,ni_responsavel,nome_empresarial,ano_inicio,meses_inicio,ano_registro,nome_municipio,bairro,logradouro,categoria,destinacao,tipo_obra
421800405000001,Santa Catarina,Tijucas,Grande Florianópolis,Urbana,0.313029358874721,3994,417,51215,1332,6,4803,512401623170,27645150000109.0,FLEAR ADMINISTRADORA DE BENS PROPRIOS LTDA,2017-01-01,106,2023,TIJUCAS,CENTRO,JACOB LAMEU TAVARES,Obra Nova,Galpão industrial,Alvenaria
421800405000003,Santa Catarina,Tijucas,Grande Florianópolis,Urbana,1.448765410076047,2230,694,51215,479,2,3624,600309764077,16562527000140.0,JUNTTA EMPREENDIMENTOS LTDA,2020-01-01,74,2025,TIJUCAS,XV DE NOVEMBRO,PEDRO EULALIO ANDRIANI,Obra Nova,Galpão industrial,Alvenaria
421800405000006,Santa Catarina,Tijucas,Grande Florianópolis,Urbana,0.245673872304712,2704,947,51215,3854,2,752,900084698960,Pessoa fisica,Pessoa fisica,2020-01-01,66,2021,TIJUCAS,CENTRO,DO GOVERNO,Obra Nova,Residencial unifamiliar,Alvenaria
421800405000008,Santa Catarina,Tijucas,Grande Florianópolis,Urbana,0.568705793842201,3887,1550,51215,2725,1,1987,900248123376,50650826000174.0,TREZZATO INCORPORADORA LTDA,2025-01-01,8,2025,TIJUCAS,CENTRO,MINERVINO MIGUEL FERREIRA,Obra Nova,Residencial multifamiliar,Alvenaria
421800405000016,Santa Catarina,Tijucas,Grande Florianópolis,Urbana,0.393083305324838,3019,1170,51215,2976,6,27513,600096913678,9562234000105.0,VITALCORP CONSTRUTORA E INCORPORADORA LTDA,2021-01-01,60,2021,TIJUCAS,JOAIA,GALLOTTI,Obra Nova,Residencial multifamiliar,Alvenaria
421800405000017,Santa Catarina,Tijucas,Grande Florianópolis,Urbana,1.471971723957978,2886,545,51215,370,0,0,Sem dados,Sem dados,Sem dados,Sem dados,Sem dados,Sem dados,Sem dados,Sem dados,Sem dados,Sem dados,Sem dados,Sem dados
421800405000018,Santa Catarina,Tijucas,Grande Florianópolis,Urbana,9.689051213857756,2166,250,51215,25,3,11862,900119253470,28823059000107.0,M&B ADMINISTRADORA DE BENS LTDA,2022-01-01,44,2022,TIJUCAS,SUL DO RIO,JOSE LARANJEIRAS,Obra Nova,Comercial salas e lojas,Mista
421800405000019,Santa Catarina,Tijucas,Grande Florianópolis,Urbana,0.262766164000939,3531,629,51215,2393,5,4199,900066389478,24504598000114.0,STOP FIRE  PROJETOS E SOLUCOES CONTRA INCENDIO LTDA,2021-01-01,59,2021,TIJUCAS,CENTRO,BUCHELLE,Reforma,Comercial salas e lojas,Alvenaria
421800405000023,Santa Catarina,Tijucas,Grande Florianópolis,Urbana,0.258343317809006,1991,1513,51215,5856,1,150,600229236370,82702556000194.0,CONGREGACAO CRISTA NO BRASIL,2016-01-01,116,2021,TIJUCAS,PRACA,AUGUSTO BAYER,Obra Nova,Galpão industrial,Alvenaria
421800405000028,Santa Catarina,Tijucas,Grande Florianópolis,Rural,27.63227357563456,2488,321,51215,11,0,0,Sem dados,Sem dados,Sem dados,Sem dados,Sem dados,Sem dados,Sem dados,Sem dados,Sem dados,Sem dados,Sem dados,Sem dados
421800405000030,Santa Catarina,Tijucas,Grande Florianópolis,Urbana,0.220510549623251,3606,1119,51215,5074,1,2291,900243333972,45753501000187.0,LA VIE INCORPORADORA E CONSTRUTORA LTDA,2025-01-01,13,2025,TIJUCAS,AREIAS,ANTONIO GRIPA,Obra Nova,Residencial multifamiliar,Alvenaria
421800405000031,Santa Catarina,Tijucas,Grande Florianópolis,Urbana,0.295285340073782,4037,670,51215,2268,4,10173,900055502965,Pessoa fisica,Pessoa fisica,2020-01-01,66,2021,TIJUCAS,PRAÇA,JOAO DE BARRO,Obra Nova,Comercial salas e lojas,Alvenaria
421800405000032,Santa Catarina,Tijucas,Grande Florianópolis,Urbana,1.123217380281691,2604,280,51215,249,11,23078,900056437175,26522132000177.0,VIARTH LOTEAMENTOS LTDA,2021-01-01,63,2021,TIJUCAS,PRAÇA,BIGUA,Obra Nova,Galpão industrial,Alvenaria
421800405000035,Santa Catarina,Tijucas,Grande Florianópolis,Urbana,0.140110348169274,3895,775,51215,5531,1,256,900172493679,38377247000102.0,SEMEAI SKATEPARKS LTDA,2023-01-01,29,2023,TIJUCAS,Universitário,AMAZONAS,Obra Nova,Galpão industrial,Alvenaria
421800405000036,Santa Catarina,Tijucas,Grande Florianópolis,Urbana,0.159586015463451,2725,1016,51215,6366,8,17227,600300386573,1398174000117.0,REFLEXO EMPREENDIMENTOS IMOBILIARIOS LTDA,2015-01-01,134,2023,TIJUCAS,UNIVERSITARIO,JOAO ANTONIO FAGUNDES,Obra Nova,Galpão industrial,Alvenaria
421800405000037,Santa Catarina,Tijucas,Grande Florianópolis,Urbana,0.202255323867666,2414,82,51215,405,2,740,600084222861,Pessoa fisica,Pessoa fisica,2011-01-01,183,2022,TIJUCAS,Centro,FRANCISCO LAUS BAIXO,Obra Nova,Galpão industrial,Alvenaria
421800405000039,Santa Catarina,Tijucas,Grande Florianópolis,Urbana,2.118759926482833,1736,882,51215,416,0,0,Sem dados,Sem dados,Sem dados,Sem dados,Sem dados,Sem dados,Sem dados,Sem dados,Sem dados,Sem dados,Sem dados,Sem dados
421800405000040,Santa Catarina,Tijucas,Grande Florianópolis,Urbana,2.420985457089301,2350,358,51215,147,0,0,Sem dados,Sem dados,Sem dados,Sem dados,Sem dados,Sem dados,Sem dados,Sem dados,Sem dados,Sem dados,Sem dados,Sem dados
421800405000041,Santa Catarina,Tijucas,Grande Florianópolis,Urbana,0.573079018505287,1883,350,51215,610,0,0,Sem dados,Sem dados,Sem dados,Sem dados,Sem dados,Sem dados,Sem dados,Sem dados,Sem dados,Sem dados,Sem dados,Sem dados
421800405000042,Santa Catarina,Tijucas,Grande Florianópolis,Rural,16.036517740863037,2409,202,51215,12,0,0,Sem dados,Sem dados,Sem dados,Sem dados,Sem dados,Sem dados,Sem dados,Sem dados,Sem dados,Sem dados,Sem dados,Sem dados
421800405000043,Santa Catarina,Tijucas,Grande Florianópolis,Urbana,0.158133706593759,2523,674,51215,4262,0,0,Sem dados,Sem dados,Sem dados,Sem dados,Sem dados,Sem dados,Sem dados,Sem dados,Sem dados,Sem dados,Sem dados,Sem dados
421800405000044,Santa Catarina,Tijucas,Grande Florianópolis,Urbana,0.354069516045669,2040,1124,51215,3174,2,6976,900116516173,5067968000159.0,TR EMPREENDIMENTOS E PARTICIPACOES LTDA,2021-01-01,58,2022,TIJUCAS,PRAÇA,HENRIQUE BOITEUX,Demolição,Residencial unifamiliar,Alvenaria
421800405000045,Santa Catarina,Tijucas,Grande Florianópolis,Urbana,0.153996598292012,2411,1190,51215,7727,0,0,Sem dados,Sem dados,Sem dados,Sem dados,Sem dados,Sem dados,Sem dados,Sem dados,Sem dados,Sem dados,Sem dados,Sem dados
421800405000046,Santa Catarina,Tijucas,Grande Florianópolis,Urbana,1.547515299728535,2013,1237,51215,799,2,4873,900166241473,79080602000156.0,UNIAO SUL BRASILEIRA DA IGREJA ADVENTISTA DO SETIMO DIA,2023-01-01,30,2023,TIJUCAS,Praça,NOVA BRASILIA,Obra Nova,Comercial salas e lojas,Alvenaria
421800405000047,Santa Catarina,Tijucas,Grande Florianópolis,Urbana,0.110531191453064,2919,838,51215,7581,0,0,Sem dados,Sem dados,Sem dados,Sem dados,Sem dados,Sem dados,Sem dados,Sem dados,Sem dados,Sem dados,Sem dados,Sem dados
421800405000048,Santa Catarina,Tijucas,Grande Florianópolis,Urbana,0.149502922452746,3189,1062,51215,7103,3,1769,900067813271,6108176000148.0,TRANSPORTADORA MOTTER & MOTTER LTDA,2021-01-01,63,2021,TIJUCAS,PRAÇA,COLEIRA,Obra Nova,Galpão industrial,Alvenaria
421800405000049,Santa Catarina,Tijucas,Grande Florianópolis,Urbana,0.412813214263238,2608,1128,51215,2732,3,611,900099930168,Pessoa fisica,Pessoa fisica,2013-01-01,159,2022,TIJUCAS,PRAÇA,ESAU BAYER,Obra Nova,Residencial unifamiliar,Alvenaria
421800405000050,Santa Catarina,Tijucas,Grande Florianópolis,Urbana,0.127801009836339,6108,425,51215,3325,4,11157,900096944375,7645258000194.0,ARCKO EMPREENDIMENTOS IMOBILIARIOS LTDA,2021-01-01,54,2022,TIJUCAS,CENTRO,NERI FRANCISCO DE CAMPOS,Obra Nova,Residencial multifamiliar,Alvenaria
421800405000051,Santa Catarina,Tijucas,Grande Florianópolis,Urbana,0.122149600993013,3630,603,51215,4936,1,136,900061468765,Pessoa fisica,Pessoa fisica,2010-01-01,184,2021,TIJUCAS,CENTRO,JUCY DOS ANJOS,Obra Nova,Residencial unifamiliar,Alvenaria
421800405000052,Santa Catarina,Tijucas,Grande Florianópolis,Urbana,0.216079819608689,4380,967,51215,4475,2,736,900124052072,13228073000187.0,AKON LTDA,2019-01-01,79,2022,TIJUCAS,UNIVERSITARIO,PARA,Demolição,Residencial unifamiliar,Alvenaria
421800405000053,Santa Catarina,Tijucas,Grande Florianópolis,Urbana,0.13487825911154,4317,569,51215,4218,0,0,Sem dados,Sem dados,Sem dados,Sem dados,Sem dados,Sem dados,Sem dados,Sem dados,Sem dados,Sem dados,Sem dados,Sem dados
421800405000054,Santa Catarina,Tijucas,Grande Florianópolis,Urbana,0.134592581000867,3468,855,51215,6352,7,5245,600287122976,86367406000122.0,AUTO POSTO UNIAO LTDA,2010-01-01,194,2023,TIJUCAS,CENTRO,BAYER FILHO,Obra Nova,Galpão industrial,Alvenaria
421800405000055,Santa Catarina,Tijucas,Grande Florianópolis,Urbana,0.251817913322473,4838,709,51215,2815,10,37067,600295810167,Pessoa fisica,Pessoa fisica,2019-01-01,85,2023,TIJUCAS,UNIVERSITARIO,IZIDORO,Obra Nova,Residencial multifamiliar,Alvenaria
421800405000056,Santa Catarina,Tijucas,Grande Florianópolis,Urbana,0.681849967570935,2924,724,51215,1061,1,50,900117515261,Pessoa fisica,Pessoa fisica,2022-01-01,47,2022,TIJUCAS,AREIAS,VENCESLAU FERNANDES,Reforma,Residencial unifamiliar,Alvenaria
421800405000057,Santa Catarina,Tijucas,Grande Florianópolis,Urbana,1.579126027001491,1809,1521,51215,963,0,0,Sem dados,Sem dados,Sem dados,Sem dados,Sem dados,Sem dados,Sem dados,Sem dados,Sem dados,Sem dados,Sem dados,Sem dados
421800405000058,Santa Catarina,Tijucas,Grande Florianópolis,Urbana,0.175946501577193,1989,919,51215,5223,1,501,900221727976,44440833000149.0,G & I ADMINISTRADORA DE BENS LTDA,2024-01-01,17,2024,TIJUCAS,UNIVERSITÁRIO,JOSE MANOEL REIS,Obra Nova,Galpão industrial,Mista
421800405000059,Santa Catarina,Tijucas,Grande Florianópolis,Urbana,2.175285697696631,3232,1221,51215,561,6,3203,900062360377,7836947000186.0,TEZ BUILDING LTDA.,2020-01-01,70,2021,TIJUCAS,AREIAS,PAU BRASIL,Obra Nova,Residencial multifamiliar,Alvenaria
421800405000060,Santa Catarina,Tijucas,Grande Florianópolis,Urbana,0.09118712341335,4104,867,51215,9507,0,0,Sem dados,Sem dados,Sem dados,Sem dados,Sem dados,Sem dados,Sem dados,Sem dados,Sem dados,Sem dados,Sem dados,Sem dados
421800405000061,Santa Catarina,Tijucas,Grande Florianópolis,Urbana,0.142525949146193,3685,920,51215,6454,5,1712,512349579868,Pessoa fisica,Pessoa fisica,2016-01-01,121,2021,TIJUCAS,AREIAS,IPE AMARELO,Obra Nova,Residencial unifamiliar,Alvenaria
421800405000062,Santa Catarina,Tijucas,Grande Florianópolis,Urbana,0.09804155638547,4173,684,51215,6976,3,2722,900126373963,Pessoa fisica,Pessoa fisica,2022-01-01,42,2022,TIJUCAS,AREIAS,IPE DO CERRADO,Obra Nova,Comercial salas e lojas,Alvenaria
421800405000063,Santa Catarina,Tijucas,Grande Florianópolis,Urbana,0.153572114967398,3810,1071,51215,6973,0,0,Sem dados,Sem dados,Sem dados,Sem dados,Sem dados,Sem dados,Sem dados,Sem dados,Sem dados,Sem dados,Sem dados,Sem dados
421800405000064,Santa Catarina,Tijucas,Grande Florianópolis,Urbana,0.081193479681858,4584,441,51215,5431,1,105,900126581076,44689775000191.0,F&L INCORPORACOES IMOBLIARIAS LTDA,2022-01-01,41,2022,TIJUCAS,XV DE NOVEMBRO,QUINZE DE NOVEMBRO,Demolição,Residencial unifamiliar,Alvenaria
421800405000065,Santa Catarina,Tijucas,Grande Florianópolis,Urbana,0.421667881456452,4878,464,51215,1100,2,392,600293698563,Pessoa fisica,Pessoa fisica,2018-01-01,88,2023,TIJUCAS,CENTRO,13 DE NOVEMBRO,Obra Nova,Comercial salas e lojas,Mista
421800405000066,Santa Catarina,Tijucas,Grande Florianópolis,Urbana,0.565837171168307,3467,1583,51215,2797,15,6049,600307995475,16562527000140.0,JUNTTA EMPREENDIMENTOS LTDA,2020-01-01,75,2023,TIJUCAS,XV DE NOVEMBRO,ZURY LEMOS,Obra Nova,Comercial salas e lojas,Alvenaria
421800405000067,Santa Catarina,Tijucas,Grande Florianópolis,Urbana,0.15431288298453,2880,577,51215,3739,2,447,900176397576,14278819000120.0,V.A.N. ECCEL CONSTRUTORA E INCORPORADORA LTDA,2023-01-01,28,2024,TIJUCAS,XV DE NOVEMBRO,WALDEMAR DE CARVALHO,Obra Nova,Residencial multifamiliar,Alvenaria
421800405000068,Santa Catarina,Tijucas,Grande Florianópolis,Urbana,0.079113305026243,2722,482,51215,6092,1,281,900080357767,Pessoa fisica,Pessoa fisica,2021-01-01,57,2021,TIJUCAS,XV DE NOVEMBRO,LUIZ MESQUITA,Obra Nova,Comercial salas e lojas,Alvenaria
421800405000069,Santa Catarina,Tijucas,Grande Florianópolis,Urbana,0.260449233094322,2804,1364,51215,5237,1,415,900249303062,Pessoa fisica,Pessoa fisica,2025-01-01,13,2025,TIJUCAS,Joaia,BERNARDINA C FELLER,Obra Nova,Galpão industrial,Mista
421800405000070,Santa Catarina,Tijucas,Grande Florianópolis,Urbana,0.445212843011971,3964,1060,51215,2380,2,576,900120202168,Pessoa fisica,Pessoa fisica,2022-01-01,44,2022,TIJUCAS,XV DE NOVEMBRO,JOSE FERNANDO ANDRIANI,Obra Nova,Galpão industrial,Mista
421800405000071,Santa Catarina,Tijucas,Grande Florianópolis,Urbana,0.174500188991146,3361,1028,51215,5891,6,3573,900071264561,Pessoa fisica,Pessoa fisica,2021-01-01,60,2021,TIJUCAS,XV DE NOVEMBRO,NILO OLIVEIRA,Obra Nova,Galpão industrial,Mista
421800405000072,Santa Catarina,Tijucas,Grande Florianópolis,Urbana,0.555671057426817,2572,1061,51215,1909,0,0,Sem dados,Sem dados,Sem dados,Sem dados,Sem dados,Sem dados,Sem dados,Sem dados,Sem dados,Sem dados,Sem dados,Sem dados
421800405000073,Santa Catarina,Tijucas,Grande Florianópolis,Urbana,0.466045721852682,2667,702,51215,1506,1,265,900059808375,24223351000120.0,M C INCORPORADORA LTDA,2020-01-01,64,2021,TIJUCAS,JOAIA,ANTONIO ALBINO CASAS,Obra Nova,Residencial multifamiliar,Alvenaria
421800405000076,Santa Catarina,Tijucas,Grande Florianópolis,Urbana,1.217366402050707,2240,446,51215,366,1,1600,900207856373,13254502000190.0,VI.ANA INCORPORADORA DE IMOVEIS LTDA,2024-01-01,19,2024,TIJUCAS,SANTA LUZIA,PRIMOR,Obra Nova,Residencial multifamiliar,Alvenaria
421800405000078,Santa Catarina,Tijucas,Grande Florianópolis,Rural,29.475297517316537,2240,643,51215,21,0,0,Sem dados,Sem dados,Sem dados,Sem dados,Sem dados,Sem dados,Sem dados,Sem dados,Sem dados,Sem dados,Sem dados,Sem dados
421800405000079,Santa Catarina,Tijucas,Grande Florianópolis,Rural,1.063403136606929,1144,33,51215,31,0,0,Sem dados,Sem dados,Sem dados,Sem dados,Sem dados,Sem dados,Sem dados,Sem dados,Sem dados,Sem dados,Sem dados,Sem dados
421800405000080,Santa Catarina,Tijucas,Grande Florianópolis,Rural,2.166446123640764,1578,103,51215,47,0,0,Sem dados,Sem dados,Sem dados,Sem dados,Sem dados,Sem dados,Sem dados,Sem dados,Sem dados,Sem dados,Sem dados,Sem dados
421800405000081,Santa Catarina,Tijucas,Grande Florianópolis,Urbana,0.106883139858951,4042,721,51215,6745,3,24208,900117225360,Pessoa fisica,Pessoa fisica,2015-01-01,128,2022,TIJUCAS,CENTRO,13 DE MAIO,Obra Nova,Residencial unifamiliar,Alvenaria
421800405000082,Santa Catarina,Tijucas,Grande Florianópolis,Urbana,0.132591440890351,3573,745,51215,5618,0,0,Sem dados,Sem dados,Sem dados,Sem dados,Sem dados,Sem dados,Sem dados,Sem dados,Sem dados,Sem dados,Sem dados,Sem dados
421800405000083,Santa Catarina,Tijucas,Grande Florianópolis,Rural,24.740019492483988,2687,322,51215,13,0,0,Sem dados,Sem dados,Sem dados,Sem dados,Sem dados,Sem dados,Sem dados,Sem dados,Sem dados,Sem dados,Sem dados,Sem dados
421800405000084,Santa Catarina,Tijucas,Grande Florianópolis,Rural,0.012996714730031,0,0,51215,0,0,0,Sem dados,Sem dados,Sem dados,Sem dados,Sem dados,Sem dados,Sem dados,Sem dados,Sem dados,Sem dados,Sem dados,Sem dados
421800405000085,Santa Catarina,Tijucas,Grande Florianópolis,Rural,67.34886309750887,2037,685,51215,10,2,1484,900083191475,83932343000111.0,MITRA METROPOLITANA DE FLORIANOPOLIS,2017-01-01,103,2021,TIJUCAS,terra nova,GERAL DA TERRA NOVA,Obra Nova,Comercial salas e lojas,Alvenaria
421800405000086,Santa Catarina,Tijucas,Grande Florianópolis,Urbana,0.45401907598717,2585,600,51215,1321,6,3079,900216236778,53131247000103.0,JK E AZEREDO INCORPORADORA LTDA,2024-01-01,18,2024,TIJUCAS,JOAIA,NOVA TRENTO,Obra Nova,Residencial multifamiliar,Alvenaria
421800405000087,Santa Catarina,Tijucas,Grande Florianópolis,Urbana,0.33098526860434,5252,434,51215,1311,0,0,Sem dados,Sem dados,Sem dados,Sem dados,Sem dados,Sem dados,Sem dados,Sem dados,Sem dados,Sem dados,Sem dados,Sem dados
421800405000088,Santa Catarina,Tijucas,Grande Florianópolis,Urbana,0.609018916587458,5484,328,51215,538,0,0,Sem dados,Sem dados,Sem dados,Sem dados,Sem dados,Sem dados,Sem dados,Sem dados,Sem dados,Sem dados,Sem dados,Sem dados
421800405000089,Santa Catarina,Tijucas,Grande Florianópolis,Urbana,0.447740163572785,4083,1019,51215,2275,2,547,900250594671,30468768000155.0,NATAL CONSTRUTORA E INCORPORADORA LTDA,2025-01-01,9,2025,TIJUCAS,Universitario,DRACENA,Obra Nova,Residencial multifamiliar,Alvenaria
421800405000090,Santa Catarina,Tijucas,Grande Florianópolis,Urbana,0.670702854673157,3694,1075,51215,1602,3,814,900244868062,Pessoa fisica,Pessoa fisica,2025-01-01,10,2025,TIJUCAS,UNIVERSITARIO,HELIO REBELO,Obra Nova,Residencial multifamiliar,Alvenaria
421800405000091,Santa Catarina,Tijucas,Grande Florianópolis,Rural,0.848710477979657,3944,210,51215,247,0,0,Sem dados,Sem dados,Sem dados,Sem dados,Sem dados,Sem dados,Sem dados,Sem dados,Sem dados,Sem dados,Sem dados,Sem dados
421800405000092,Santa Catarina,Tijucas,Grande Florianópolis,Rural,13.132596824234332,2396,254,51215,19,0,0,Sem dados,Sem dados,Sem dados,Sem dados,Sem dados,Sem dados,Sem dados,Sem dados,Sem dados,Sem dados,Sem dados,Sem dados
421800405000093,Santa Catarina,Tijucas,Grande Florianópolis,Rural,0.142619062481829,1644,60,51215,420,0,0,Sem dados,Sem dados,Sem dados,Sem dados,Sem dados,Sem dados,Sem dados,Sem dados,Sem dados,Sem dados,Sem dados,Sem dados
421800405000094,Santa Catarina,Tijucas,Grande Florianópolis,Rural,16.803628055116366,1661,182,51215,10,0,0,Sem dados,Sem dados,Sem dados,Sem dados,Sem dados,Sem dados,Sem dados,Sem dados,Sem dados,Sem dados,Sem dados,Sem dados
421800405000095,Santa Catarina,Tijucas,Grande Florianópolis,Rural,0.204141683875865,1742,108,51215,529,0,0,Sem dados,Sem dados,Sem dados,Sem dados,Sem dados,Sem dados,Sem dados,Sem dados,Sem dados,Sem dados,Sem dados,Sem dados
421800405000096,Santa Catarina,Tijucas,Grande Florianópolis,Rural,18.781434429691668,2134,270,51215,14,0,0,Sem dados,Sem dados,Sem dados,Sem dados,Sem dados,Sem dados,Sem dados,Sem dados,Sem dados,Sem dados,Sem dados,Sem dados
421800405000097,Santa Catarina,Tijucas,Grande Florianópolis,Rural,0.250222887977568,1876,276,51215,1103,0,0,Sem dados,Sem dados,Sem dados,Sem dados,Sem dados,Sem dados,Sem dados,Sem dados,Sem dados,Sem dados,Sem dados,Sem dados
421800405000098,Santa Catarina,Tijucas,Grande Florianópolis,Rural,22.17107740366372,2450,205,51215,9,0,0,Sem dados,Sem dados,Sem dados,Sem dados,Sem dados,Sem dados,Sem dados,Sem dados,Sem dados,Sem dados,Sem dados,Sem dados
421800405000099,Santa Catarina,Tijucas,Grande Florianópolis,Urbana,0.298528748608116,2638,656,51215,2197,15,5000,900079836969,Pessoa fisica,Pessoa fisica,2021-01-01,55,2021,TIJUCAS,UNIVERSITÁRIO,A,Obra Nova,Residencial unifamiliar,Alvenaria
