tribunal_id,tribunal,municipio_id,codigo_ibge,municipio,ano_ref,pct_iamb,pct_icidade,pct_ieduc,pct_ifiscal,pct_igov_ti,pct_isaude,pct_iplan,pct_iegm_municipio,ind_iamb,ind_icidade,ind_ieduc,ind_ifiscal,ind_igov_ti,ind_isaude,ind_iplan,ind_iegm_municipio,exercicio
22,TCESC,12140,4200051,ABDON BATISTA,2024,"0,38","0,50","0,63","0,59","0,55","0,54","0,28","0,498500",C,C+,B,C+,C+,C+,C,C,2024
22,TCESC,12141,4200101,ABELARDO LUZ,2024,"0,17","0,00","0,43","0,51","0,04","0,60","0,20","0,367000",C,C,C,C+,C,B,C,C,2024
22,TCESC,12142,4200200,AGROLÂNDIA,2024,"0,04","0,47","0,59","0,58","0,57","0,50","0,40","0,470000",C,C,C+,C+,C+,C+,C,C,2024
22,TCESC,12143,4200309,AGRONÔMICA,2024,"0,21","0,30","0,40","0,76","0,22","0,59","0,26","0,449000",C,C,C,B+,C,C+,C,C,2024
22,TCESC,12144,4200408,ÁGUA DOCE,2024,"0,22","0,34","0,43","0,62","0,60","0,54","0,48","0,483000",C,C,C,B,B,C+,C,C,2024
22,TCESC,12145,4200507,ÁGUAS DE CHAPECÓ,2024,"0,22","0,07","0,59","0,70","0,41","0,61","0,20","0,466000",C,C,C+,B,C,B,C,C,2024
22,TCESC,12146,4200556,ÁGUAS FRIAS,2024,"0,38","0,00","0,59","0,49","0,35","0,67","0,24","0,453500",C,C,C+,C,C,B,C,C,2024
22,TCESC,12147,4200606,ÁGUAS MORNAS,2024,"0,00","0,29","0,55","0,63","0,26","0,58","0,26","0,431500",C,C,C+,B,C,C+,C,C,2024
22,TCESC,12148,4200705,ALFREDO WAGNER,2024,"0,00","0,52","0,46","0,51","0,13","0,59","0,10","0,364500",C,C+,C,C+,C,C+,C,C,2024
22,TCESC,12149,4200754,ALTO BELA VISTA,2024,"0,23","0,00","0,36","0,49","0,41","0,63","0,15","0,369500",C,C,C,C,C,B,C,C,2024
22,TCESC,12150,4200804,ANCHIETA,2024,"0,56","0,21","0,42","0,59","0,26","0,59","0,60","0,519500",C+,C,C,C+,C,C+,B,C+,2024
22,TCESC,12151,4200903,ANGELINA,2024,"0,44","0,09","0,16","0,76","0,34","0,49","0,26","0,399500",C,C,C,B+,C,C,C,C,2024
22,TCESC,12152,4201000,ANITA GARIBALDI,2024,"0,29","0,03","0,58","0,49","0,29","0,50","0,05","0,369000",C,C,C+,C,C,C+,C,C,2024
22,TCESC,12153,4201109,ANITÁPOLIS,2024,"0,17","0,37","0,60","0,71","0,15","0,54","0,21","0,455000",C,C,B,B,C,C+,C,C,2024
22,TCESC,12154,4201208,ANTÔNIO CARLOS,2024,"0,30","0,38","0,53","0,67","0,13","0,65","0,43","0,511500",C,C,C+,B,C,B,C,C+,2024
22,TCESC,12155,4201257,APIÚNA,2024,"0,22","0,32","0,59","0,75","0,39","0,72","0,68","0,605500",C,C,C+,B+,C,B,B,B,2024
22,TCESC,12156,4201273,ARABUTÃ,2024,"0,25","0,21","0,69","0,53","0,44","0,71","0,21","0,485500",C,C,B,C+,C,B,C,C,2024
22,TCESC,12157,4201307,ARAQUARI,2024,"0,40","0,00","0,37","0,49","0,45","0,52","0,31","0,400500",C,C,C,C,C,C+,C,C,2024
22,TCESC,12158,4201406,ARARANGUÁ,2024,"0,10","0,49","0,43","0,47","0,49","0,60","0,41","0,441000",C,C,C,C,C,B,C,C,2024
22,TCESC,12159,4201505,ARMAZÉM,2024,"0,10","0,36","0,37","0,57","0,27","0,59","0,19","0,385500",C,C,C,C+,C,C+,C,C,2024
22,TCESC,12160,4201604,ARROIO TRINTA,2024,"0,53","0,04","0,60","0,66","0,23","0,77","0,18","0,508500",C+,C,B,B,C,B+,C,C+,2024
22,TCESC,12161,4201653,ARVOREDO,2024,"0,20","0,48","0,65","0,75","0,35","0,55","0,28","0,507500",C,C,B,B+,C,C+,C,C+,2024
22,TCESC,12162,4201703,ASCURRA,2024,"0,44","0,22","0,43","0,49","0,28","0,54","0,28","0,417000",C,C,C,C,C,C+,C,C,2024
22,TCESC,12163,4201802,ATALANTA,2024,"0,39","0,58","0,37","0,49","0,18","0,57","0,28","0,419000",C,C+,C,C,C,C+,C,C,2024
22,TCESC,12164,4201901,AURORA,2024,"0,00","0,00","0,52","0,59","0,22","0,64","0,21","0,403000",C,C,C+,C+,C,B,C,C,2024
22,TCESC,12165,4201950,BALNEÁRIO ARROIO DO SILVA,2024,"0,28","0,17","0,33","0,70","0,26","0,58","0,31","0,433500",C,C,C,B,C,C+,C,C,2024
22,TCESC,12166,4202008,BALNEÁRIO CAMBORIÚ,2024,"0,43","0,69","0,46","0,71","0,52","0,49","0,28","0,491500",C,B,C,B,C+,C,C,C,2024
22,TCESC,12167,4202057,BALNEÁRIO BARRA DO SUL,2024,"0,26","0,47","0,26","0,69","0,43","0,53","0,12","0,391000",C,C,C,B,C,C+,C,C,2024
22,TCESC,12168,4202073,BALNEÁRIO GAIVOTA,2024,"0,25","0,55","0,44","0,73","0,25","0,60","0,17","0,453000",C,C+,C,B,C,B,C,C,2024
22,TCESC,12169,4202081,BANDEIRANTE,2024,"0,10","0,17","0,49","0,59","0,20","0,77","0,22","0,442500",C,C,C,C+,C,B+,C,C,2024
22,TCESC,12170,4202099,BARRA BONITA,2024,"0,57","0,40","0,41","0,55","0,26","0,75","0,25","0,482000",C+,C,C,C+,C,B+,C,C,2024
22,TCESC,12171,4202107,BARRA VELHA,2024,"0,41","0,45","0,50","0,65","0,23","0,57","0,21","0,461000",C,C,C+,B,C,C+,C,C,2024
22,TCESC,12172,4202131,BELA VISTA DO TOLDO,2024,"0,00","0,02","0,42","0,69","0,20","0,57","0,17","0,381000",C,C,C,B,C,C+,C,C,2024
22,TCESC,12173,4202156,BELMONTE,2024,"0,22","0,11","0,49","0,52","0,07","0,72","0,07","0,391000",C,C,C,C+,C,B,C,C,2024
22,TCESC,12174,4202206,BENEDITO NOVO,2024,"0,37","0,29","0,32","0,75","0,49","0,63","0,22","0,460000",C,C,C,B+,C,B,C,C,2024
22,TCESC,12175,4202305,BIGUAÇU,2024,"0,40","0,04","0,55","0,67","0,32","0,64","0,41","0,512000",C,C,C+,B,C,B,C,C+,2024
22,TCESC,12176,4202404,BLUMENAU,2024,"0,37","0,60","0,48","0,61","0,54","0,45","0,35","0,472000",C,B,C,B,C+,C,C,C,2024
22,TCESC,12177,4202438,BOCAINA DO SUL,2024,"0,50","0,44","0,45","0,59","0,45","0,47","0,28","0,452500",C+,C,C,C+,C,C,C,C,2024
22,TCESC,12178,4202453,BOMBINHAS,2024,"0,51","0,62","0,50","0,75","0,27","0,65","0,34","0,543500",C+,B,C+,B+,C,B,C,C+,2024
22,TCESC,12179,4202503,BOM JARDIM DA SERRA,2024,"0,25","0,44","0,38","0,55","0,24","0,49","0,51","0,445000",C,C,C,C+,C,C,C+,C,2024
22,TCESC,12180,4202537,BOM JESUS,2024,"0,10","0,52","0,46","0,52","0,15","0,59","0,47","0,451500",C,C+,C,C+,C,C+,C,C,2024
22,TCESC,12181,4202578,BOM JESUS DO OESTE,2024,"0,09","0,19","0,68","0,57","0,16","0,70","0,17","0,450500",C,C,B,C+,C,B,C,C,2024
22,TCESC,12182,4202602,BOM RETIRO,2024,"0,19","0,04","0,60","0,69","0,21","0,54","0,29","0,455500",C,C,B,B,C,C+,C,C,2024
22,TCESC,12183,4202701,BOTUVERÁ,2024,"0,45","0,19","0,41","0,67","0,29","0,61","0,48","0,503000",C,C,C,B,C,B,C,C+,2024
22,TCESC,12184,4202800,BRAÇO DO NORTE,2024,"0,20","0,42","0,40","0,61","0,44","0,64","0,38","0,469000",C,C,C,B,C,B,C,C,2024
22,TCESC,12185,4202859,BRAÇO DO TROMBUDO,2024,"0,30","0,00","0,58","0,63","0,31","0,46","0,21","0,421500",C,C,C+,B,C,C,C,C,2024
22,TCESC,12186,4202875,BRUNÓPOLIS,2024,"0,14","0,11","0,43","0,49","0,25","0,53","0,28","0,378000",C,C,C,C,C,C+,C,C,2024
22,TCESC,12187,4202909,BRUSQUE,2024,"0,55","0,58","0,56","0,49","0,53","0,53","0,49","0,524500",C+,C+,C+,C,C+,C+,C,C+,2024
22,TCESC,12188,4203006,CAÇADOR,2024,"0,34","0,09","0,59","0,81","0,66","0,64","0,59","0,597500",C,C,C+,B+,B,B,C+,C+,2024
22,TCESC,12189,4203105,CAIBI,2024,"0,06","0,12","0,35","0,74","0,18","0,74","0,16","0,419000",C,C,C,B,C,B,C,C,2024
22,TCESC,12190,4203154,CALMON,2024,"0,11","0,44","0,49","0,49","0,16","0,53","0,26","0,395000",C,C,C,C,C,C+,C,C,2024
22,TCESC,12191,4203204,CAMBORIÚ,2024,"0,22","0,28","0,56","0,70","0,22","0,57","0,25","0,463000",C,C,C+,B,C,C+,C,C,2024
22,TCESC,12192,4203253,CAPÃO ALTO,2024,"0,17","0,00","0,49","0,74","0,27","0,51","0,03","0,384500",C,C,C,B,C,C+,C,C,2024
22,TCESC,12193,4203303,CAMPO ALEGRE,2024,"0,49","0,17","0,59","0,58","0,33","0,65","0,21","0,480000",C,C,C+,C+,C,B,C,C,2024
22,TCESC,12194,4203402,CAMPO BELO DO SUL,2024,"0,00","0,02","0,30","0,68","0,11","0,47","0,09","0,314500",C,C,C,B,C,C,C,C,2024
22,TCESC,12195,4203501,CAMPO ERÊ,2024,"0,39","0,32","0,62","0,53","0,23","0,73","0,36","0,514500",C,C,B,C+,C,B,C,C+,2024
22,TCESC,12196,4203600,CAMPOS NOVOS,2024,"0,18","0,18","0,49","0,75","0,23","0,49","0,27","0,438500",C,C,C,B+,C,C,C,C,2024
22,TCESC,12197,4203709,CANELINHA,2024,"0,15","0,18","0,44","0,57","0,21","0,56","0,23","0,394500",C,C,C,C+,C,C+,C,C,2024
22,TCESC,12198,4203808,CANOINHAS,2024,"0,53","0,15","0,62","0,79","0,57","0,64","0,38","0,575000",C+,C,B,B+,C+,B,C,C+,2024
22,TCESC,12199,4203907,CAPINZAL,2024,"0,34","0,18","0,44","0,40","0,33","0,34","0,32","0,359500",C,C,C,C,C,C,C,C,2024
22,TCESC,12200,4203956,CAPIVARI DE BAIXO,2024,"0,33","0,11","0,30","0,59","0,16","0,60","0,48","0,440500",C,C,C,C+,C,B,C,C,2024
22,TCESC,12201,4204004,CATANDUVAS,2024,"0,34","0,14","0,51","0,70","0,36","0,62","0,34","0,493000",C,C,C+,B,C,B,C,C,2024
22,TCESC,12202,4204103,CAXAMBU DO SUL,2024,"0,08","0,00","0,49","0,65","0,48","0,67","0,53","0,500000",C,C,C,B,C,B,C+,C+,2024
22,TCESC,12203,4204152,CELSO RAMOS,2024,"0,22","0,25","0,43","0,63","0,19","0,51","0,27","0,412000",C,C,C,B,C,C+,C,C,2024
22,TCESC,12204,4204178,CERRO NEGRO,2024,"0,46","0,15","0,25","0,49","0,32","0,69","0,14","0,383500",C,C,C,C,C,B,C,C,2024
22,TCESC,12205,4204194,CHAPADÃO DO LAGEADO,2024,"0,30","0,00","0,32","0,71","0,49","0,55","0,28","0,426500",C,C,C,B,C,C+,C,C,2024
22,TCESC,12206,4204202,CHAPECÓ,2024,"0,73","0,34","0,60","0,60","0,83","0,73","0,33","0,583500",B,C,B,B,B+,B,C,C+,2024
22,TCESC,12207,4204251,COCAL DO SUL,2024,"0,25","0,44","0,30","0,83","0,49","0,72","0,54","0,549500",C,C,C,B+,C,B,C+,C+,2024
22,TCESC,12208,4204301,CONCÓRDIA,2024,"0,42","0,31","0,42","0,49","0,58","0,49","0,33","0,432500",C,C,C,C,C+,C,C,C,2024
22,TCESC,12209,4204350,CORDILHEIRA ALTA,2024,"0,09","0,57","0,72","0,49","0,29","0,42","0,26","0,430000",C,C+,B,C,C,C,C,C,2024
22,TCESC,12210,4204400,CORONEL FREITAS,2024,"0,33","0,47","0,59","0,76","0,32","0,50","0,55","0,552500",C,C,C+,B+,C,C+,C+,C+,2024
22,TCESC,12211,4204459,CORONEL MARTINS,2024,"0,28","0,04","0,67","0,81","0,16","0,71","0,48","0,572000",C,C,B,B+,C,B,C,C+,2024
22,TCESC,12212,4204509,CORUPÁ,2024,"0,08","0,37","0,41","0,74","0,48","0,67","0,27","0,468500",C,C,C,B,C,B,C,C,2024
22,TCESC,12213,4204558,CORREIA PINTO,2024,"0,04","0,00","0,41","0,49","0,35","0,39","0,22","0,323500",C,C,C,C,C,C,C,C,2024
22,TCESC,12214,4204608,CRICIÚMA,2024,"0,75","0,87","0,59","0,62","0,82","0,51","0,57","0,617500",B+,B+,C+,B,B+,C+,C+,B,2024
22,TCESC,12215,4204707,CUNHA PORÃ,2024,"0,33","0,77","0,59","0,61","0,52","0,75","0,19","0,525500",C,B+,C+,B,C+,B+,C,C+,2024
22,TCESC,12216,4204756,CUNHATAÍ,2024,"0,36","0,44","0,44","0,60","0,20","0,73","0,24","0,470000",C,C,C,B,C,B,C,C,2024
22,TCESC,12217,4204806,CURITIBANOS,2024,"0,36","0,35","0,43","0,81","0,43","0,59","0,50","0,541000",C,C,C,B+,C,C+,C+,C+,2024
22,TCESC,12218,4204905,DESCANSO,2024,"0,00","0,46","0,41","0,64","0,68","0,67","0,50","0,501000",C,C,C,B,B,B,C+,C+,2024
22,TCESC,12219,4205001,DIONÍSIO CERQUEIRA,2024,"0,16","0,53","0,41","0,51","0,21","0,69","0,67","0,509000",C,C+,C,C+,C,B,B,C+,2024
22,TCESC,12220,4205100,DONA EMMA,2024,"0,06","0,29","0,52","0,77","0,27","0,62","0,30","0,476000",C,C,C+,B+,C,B,C,C,2024
22,TCESC,12221,4205159,DOUTOR PEDRINHO,2024,"0,39","0,65","0,57","0,67","0,22","0,66","0,68","0,598500",C,B,C+,B,C,B,B,C+,2024
22,TCESC,12222,4205175,ENTRE RIOS,2024,"0,09","0,29","0,49","0,69","0,21","0,27","0,30","0,384000",C,C,C,B,C,C,C,C,2024
22,TCESC,12223,4205191,ERMO,2024,"0,00","0,45","0,38","0,77","0,34","0,69","0,23","0,453500",C,C,C,B+,C,B,C,C,2024
22,TCESC,12224,4205209,ERVAL VELHO,2024,"0,01","0,12","0,44","0,65","0,51","0,55","0,70","0,500500",C,C,C,B,C+,C+,B,C+,2024
22,TCESC,12225,4205308,FAXINAL DOS GUEDES,2024,"0,29","0,21","0,36","0,69","0,26","0,64","0,25","0,440500",C,C,C,B,C,B,C,C,2024
22,TCESC,12226,4205357,FLOR DO SERTÃO,2024,"0,13","0,60","0,49","0,74","0,22","0,74","0,25","0,498000",C,B,C,B,C,B,C,C,2024
22,TCESC,12227,4205407,FLORIANÓPOLIS,2024,"0,61","0,62","0,54","0,81","0,63","0,59","0,31","0,573500",B,B,C+,B+,B,C+,C,C+,2024
22,TCESC,12228,4205431,FORMOSA DO SUL,2024,"0,47","0,36","0,59","0,49","0,19","0,69","0,07","0,442500",C,C,C+,C,C,B,C,C,2024
22,TCESC,12229,4205456,FORQUILHINHA,2024,"0,28","0,66","0,61","0,80","0,64","0,73","0,82","0,685000",C,B,B,B+,B,B,B+,B,2024
22,TCESC,12230,4205506,FRAIBURGO,2024,"0,27","0,45","0,56","0,77","0,45","0,74","0,27","0,540000",C,C,C+,B+,C,B,C,C+,2024
22,TCESC,12231,4205555,FREI ROGÉRIO,2024,"0,08","0,27","0,33","0,72","0,28","0,66","0,45","0,467500",C,C,C,B,C,B,C,C,2024
22,TCESC,12232,4205605,GALVÃO,2024,"0,41","0,20","0,59","0,59","0,21","0,73","0,27","0,497500",C,C,C+,C+,C,B,C,C,2024
22,TCESC,12233,4205704,GAROPABA,2024,"0,18","0,45","0,49","0,76","0,63","0,59","0,25","0,490000",C,C,C,B+,B,C+,C,C,2024
22,TCESC,12234,4205803,GARUVA,2024,"0,69","0,59","0,49","0,68","0,67","0,73","0,87","0,686000",B,C+,C,B,B,B,B+,B,2024
22,TCESC,12235,4205902,GASPAR,2024,"0,43","0,50","0,59","0,67","0,61","0,60","0,30","0,530500",C,C+,C+,B,B,B,C,C+,2024
22,TCESC,12236,4206009,GOVERNADOR CELSO RAMOS,2024,"0,43","0,27","0,45","0,49","0,65","0,60","0,54","0,505000",C,C,C,C,B,B,C+,C+,2024
22,TCESC,12237,4206108,GRÃO-PARÁ,2024,"0,31","0,53","0,49","0,51","0,26","0,53","0,00","0,376500",C,C+,C,C+,C,C+,C,C,2024
22,TCESC,12238,4206207,GRAVATAL,2024,"0,28","0,45","0,49","0,68","0,40","0,55","0,36","0,486500",C,C,C,B,C,C+,C,C,2024
22,TCESC,12239,4206306,GUABIRUBA,2024,"0,21","0,02","0,40","0,71","0,33","0,43","0,56","0,458500",C,C,C,B,C,C,C+,C,2024
22,TCESC,12240,4206405,GUARACIABA,2024,"0,34","0,26","0,44","0,59","0,33","0,49","0,32","0,431500",C,C,C,C+,C,C,C,C,2024
22,TCESC,12241,4206504,GUARAMIRIM,2024,"0,32","0,18","0,46","0,67","0,56","0,60","0,26","0,467000",C,C,C,B,C+,B,C,C,2024
22,TCESC,12242,4206603,GUARUJÁ DO SUL,2024,"0,10","0,00","0,33","0,49","0,53","0,68","0,29","0,394500",C,C,C,C,C+,B,C,C,2024
22,TCESC,12243,4206652,GUATAMBÚ,2024,"0,08","0,13","0,39","0,50","0,18","0,67","0,03","0,341500",C,C,C,C+,C,B,C,C,2024
22,TCESC,12244,4206702,HERVAL D'OESTE,2024,"0,32","0,12","0,62","0,50","0,22","0,68","0,18","0,445000",C,C,B,C+,C,B,C,C,2024
22,TCESC,12245,4206751,IBIAM,2024,"0,10","0,23","0,58","0,71","0,15","0,64","0,50","0,515000",C,C,C+,B,C,B,C+,C+,2024
22,TCESC,12246,4206801,IBICARÉ,2024,"0,17","0,11","0,48","0,64","0,13","0,64","0,16","0,413000",C,C,C,B,C,B,C,C,2024
22,TCESC,12247,4206900,IBIRAMA,2024,"0,34","0,54","0,49","0,67","0,27","0,68","0,16","0,474500",C,C+,C,B,C,B,C,C,2024
22,TCESC,12248,4207007,IÇARA,2024,"0,50","0,50","0,61","0,59","0,94","0,58","0,44","0,566000",C+,C+,B,C+,A,C+,C,C+,2024
22,TCESC,12249,4207106,ILHOTA,2024,"0,06","0,22","0,49","0,66","0,47","0,66","0,21","0,444500",C,C,C,B,C,B,C,C,2024
22,TCESC,12250,4207205,IMARUÍ,2024,"0,21","0,18","0,49","0,59","0,30","0,62","0,26","0,437000",C,C,C,C+,C,B,C,C,2024
22,TCESC,12251,4207304,IMBITUBA,2024,"0,28","0,46","0,53","0,79","0,51","0,42","0,34","0,492500",C,C,C+,B+,C+,C,C,C,2024
22,TCESC,12252,4207403,IMBUIA,2024,"0,27","0,01","0,55","0,76","0,24","0,59","0,26","0,471500",C,C,C+,B+,C,C+,C,C,2024
22,TCESC,12253,4207502,INDAIAL,2024,"0,40","0,26","0,37","0,66","0,53","0,61","0,32","0,471500",C,C,C,B,C+,B,C,C,2024
22,TCESC,12254,4207577,IOMERÊ,2024,"0,07","0,68","0,56","0,82","0,47","0,66","0,28","0,528500",C,B,C+,B+,C,B,C,C+,2024
22,TCESC,12255,4207601,IPIRA,2024,"0,39","0,17","0,49","0,75","0,21","0,65","0,25","0,486000",C,C,C,B+,C,B,C,C,2024
22,TCESC,12256,4207650,IPORÃ DO OESTE,2024,"0,23","0,17","0,60","0,72","0,39","0,68","0,23","0,497000",C,C,B,B,C,B,C,C,2024
22,TCESC,12257,4207684,IPUAÇU,2024,"0,03","0,28","0,44","0,62","0,40","0,68","0,20","0,425000",C,C,C,B,C,B,C,C,2024
22,TCESC,12258,4207700,IPUMIRIM,2024,"0,34","0,39","0,47","0,68","0,46","0,58","0,21","0,464500",C,C,C,B,C,C+,C,C,2024
22,TCESC,12259,4207759,IRACEMINHA,2024,"0,05","0,35","0,59","0,55","0,42","0,67","0,21","0,447500",C,C,C+,C+,C,B,C,C,2024
22,TCESC,12260,4207809,IRANI,2024,"0,18","0,10","0,70","0,59","0,46","0,57","0,28","0,474000",C,C,B,C+,C,C+,C,C,2024
22,TCESC,12261,4207858,IRATI,2024,"0,33","0,08","0,49","0,45","0,27","0,78","0,49","0,492500",C,C,C,C,C,B+,C,C,2024
22,TCESC,12262,4207908,IRINEÓPOLIS,2024,"0,47","0,62","0,59","0,52","0,39","0,72","0,22","0,507500",C,B,C+,C+,C,B,C,C+,2024
22,TCESC,12263,4208005,ITÁ,2024,"0,55","0,52","0,65","0,75","0,56","0,69","0,21","0,569000",C+,C+,B,B+,C+,B,C,C+,2024
22,TCESC,12264,4208104,ITAIÓPOLIS,2024,"0,50","0,56","0,43","0,68","0,32","0,56","0,23","0,474000",C+,C+,C,B,C,C+,C,C,2024
22,TCESC,12265,4208203,ITAJAÍ,2024,"0,49","0,49","0,43","0,49","0,45","0,44","0,28","0,424000",C,C,C,C,C,C,C,C,2024
22,TCESC,12266,4208302,ITAPEMA,2024,"0,47","0,10","0,55","0,49","0,41","0,51","0,21","0,424500",C,C,C+,C,C,C+,C,C,2024
22,TCESC,12267,4208401,ITAPIRANGA,2024,"0,64","0,35","0,49","0,79","0,57","0,67","0,29","0,558000",B,C,C,B+,C+,B,C,C+,2024
22,TCESC,12268,4208450,ITAPOÁ,2024,"0,22","0,39","0,51","0,49","0,54","0,60","0,25","0,438500",C,C,C+,C,C+,B,C,C,2024
22,TCESC,12269,4208500,ITUPORANGA,2024,"0,22","0,03","0,47","0,59","0,59","0,58","0,21","0,423000",C,C,C,C+,C+,C+,C,C,2024
22,TCESC,12270,4208609,JABORÁ,2024,"0,23","0,31","0,49","0,69","0,16","0,64","0,23","0,456500",C,C,C,B,C,B,C,C,2024
22,TCESC,12271,4208708,JACINTO MACHADO,2024,"0,35","0,29","0,40","0,48","0,48","0,58","0,26","0,417500",C,C,C,C,C,C+,C,C,2024
22,TCESC,12272,4208807,JAGUARUNA,2024,"0,23","0,28","0,38","0,61","0,42","0,54","0,26","0,416000",C,C,C,B,C,C+,C,C,2024
22,TCESC,12273,4208906,JARAGUÁ DO SUL,2024,"0,41","0,79","0,60","0,70","0,84","0,59","0,44","0,588500",C,B+,B,B,B+,C+,C,C+,2024
22,TCESC,12274,4208955,JARDINÓPOLIS,2024,"0,00","0,30","0,72","0,49","0,21","0,56","0,56","0,491500",C,C,B,C,C,C+,C+,C,2024
22,TCESC,12275,4209003,JOAÇABA,2024,"0,53","0,41","0,63","0,73","0,44","0,69","0,50","0,605500",C+,C,B,B,C,B,C+,B,2024
22,TCESC,12276,4209102,JOINVILLE,2024,"0,59","0,67","0,52","0,65","0,43","0,55","0,40","0,538000",C+,B,C+,B,C,C+,C,C+,2024
22,TCESC,12277,4209151,JOSÉ BOITEUX,2024,"0,34","0,19","0,41","0,65","0,35","0,59","0,23","0,437000",C,C,C,B,C,C+,C,C,2024
22,TCESC,12278,4209177,JUPIÁ,2024,"0,13","0,10","0,56","0,73","0,32","0,75","0,25","0,492000",C,C,C+,B,C,B+,C,C,2024
22,TCESC,12279,4209201,LACERDÓPOLIS,2024,"0,21","0,38","0,65","0,66","0,33","0,61","0,20","0,480500",C,C,B,B,C,B,C,C,2024
22,TCESC,12280,4209300,LAGES,2024,"0,25","0,44","0,44","0,41","0,51","0,49","0,34","0,408500",C,C,C,C,C+,C,C,C,2024
22,TCESC,12281,4209409,LAGUNA,2024,"0,06","0,14","0,48","0,61","0,33","0,33","0,43","0,399500",C,C,C,B,C,C,C,C,2024
22,TCESC,12282,4209458,LAJEADO GRANDE,2024,"0,54","0,25","0,70","0,70","0,49","0,60","0,56","0,603000",C+,C,B,B,C,B,C+,B,2024
22,TCESC,12283,4209508,LAURENTINO,2024,"0,00","0,57","0,44","0,72","0,39","0,46","0,32","0,436000",C,C+,C,B,C,C,C,C,2024
22,TCESC,12284,4209607,LAURO MÜLLER,2024,"0,18","0,50","0,62","0,77","0,18","0,67","0,19","0,502000",C,C+,B,B+,C,B,C,C+,2024
22,TCESC,12285,4209706,LEBON RÉGIS,2024,"0,04","0,28","0,59","0,65","0,34","0,50","0,37","0,457000",C,C,C+,B,C,C+,C,C,2024
22,TCESC,12286,4209805,LEOBERTO LEAL,2024,"0,19","0,78","0,35","0,76","0,71","0,40","0,31","0,457500",C,B+,C,B+,B,C,C,C,2024
22,TCESC,12287,4209854,LINDÓIA DO SUL,2024,"0,35","0,27","0,52","0,49","0,42","0,70","0,27","0,465500",C,C,C+,C,C,B,C,C,2024
22,TCESC,12288,4209904,LONTRAS,2024,"0,03","0,17","0,49","0,79","0,29","0,66","0,40","0,494000",C,C,C,B+,C,B,C,C,2024
22,TCESC,12289,4210001,LUIZ ALVES,2024,"0,40","0,59","0,43","0,72","0,45","0,73","0,30","0,528000",C,C+,C,B,C,B,C,C+,2024
22,TCESC,12290,4210035,LUZERNA,2024,"0,47","0,67","0,74","0,77","0,78","0,71","0,30","0,623500",C,B,B,B+,B+,B,C,B,2024
22,TCESC,12291,4210050,MACIEIRA,2024,"0,20","0,15","0,45","0,65","0,44","0,57","0,19","0,421500",C,C,C,B,C,C+,C,C,2024
22,TCESC,12292,4210100,MAFRA,2024,"0,33","0,24","0,55","0,57","0,69","0,66","0,18","0,471500",C,C,C+,C+,B,B,C,C,2024
22,TCESC,12293,4210209,MAJOR GERCINO,2024,"0,16","0,38","0,44","0,57","0,14","0,65","0,31","0,436000",C,C,C,C+,C,B,C,C,2024
22,TCESC,12294,4210308,MAJOR VIEIRA,2024,"0,04","0,64","0,49","0,55","0,20","0,56","0,45","0,456000",C,B,C,C+,C,C+,C,C,2024
22,TCESC,12295,4210407,MARACAJÁ,2024,"0,17","0,49","0,52","0,68","0,43","0,60","0,46","0,515000",C,C,C+,B,C,B,C,C+,2024
22,TCESC,12296,4210506,MARAVILHA,2024,"0,25","0,12","0,45","0,49","0,55","0,67","0,25","0,430500",C,C,C,C,C+,B,C,C,2024
22,TCESC,12297,4210555,MAREMA,2024,"0,25","0,71","0,49","0,74","0,29","0,55","0,35","0,501000",C,B,C,B,C,C+,C,C+,2024
22,TCESC,12298,4210605,MASSARANDUBA,2024,"0,48","0,10","0,59","0,67","0,10","0,54","0,16","0,450000",C,C,C+,B,C,C+,C,C,2024
22,TCESC,12299,4210704,MATOS COSTA,2024,"0,23","0,04","0,29","0,67","0,27","0,65","0,48","0,456500",C,C,C,B,C,B,C,C,2024
22,TCESC,12300,4210803,MELEIRO,2024,"0,14","0,31","0,44","0,59","0,26","0,69","0,14","0,414500",C,C,C,C+,C,B,C,C,2024
22,TCESC,12301,4210852,MIRIM DOCE,2024,"0,08","0,08","0,49","0,49","0,30","0,58","0,33","0,405000",C,C,C,C,C,C+,C,C,2024
22,TCESC,12302,4210902,MODELO,2024,"0,03","0,23","0,49","0,49","0,26","0,66","0,23","0,401500",C,C,C,C,C,B,C,C,2024
22,TCESC,12303,4211009,MONDAÍ,2024,"0,18","0,00","0,71","0,75","0,29","0,71","0,27","0,520500",C,C,B,B+,C,B,C,C+,2024
22,TCESC,12304,4211058,MONTE CARLO,2024,"0,10","0,21","0,54","0,49","0,15","0,60","0,29","0,412000",C,C,C+,C,C,B,C,C,2024
22,TCESC,12305,4211108,MONTE CASTELO,2024,"0,08","0,00","0,50","0,71","0,39","0,44","0,05","0,367500",C,C,C+,B,C,C,C,C,2024
22,TCESC,12306,4211207,MORRO DA FUMAÇA,2024,"0,57","0,56","0,68","0,75","0,87","0,61","0,33","0,602500",C+,C+,B,B+,B+,B,C,B,2024
22,TCESC,12307,4211256,MORRO GRANDE,2024,"0,11","0,10","0,51","0,61","0,23","0,49","0,19","0,387500",C,C,C+,B,C,C,C,C,2024
22,TCESC,12308,4211306,NAVEGANTES,2024,"0,19","0,55","0,55","0,78","0,36","0,54","0,14","0,466500",C,C+,C+,B+,C,C+,C,C,2024
22,TCESC,12309,4211405,NOVA ERECHIM,2024,"0,34","0,48","0,46","0,49","0,50","0,66","0,25","0,455000",C,C,C,C,C+,B,C,C,2024
22,TCESC,12310,4211454,NOVA ITABERABA,2024,"0,39","0,29","0,59","0,85","0,50","0,71","0,28","0,564500",C,C,C+,B+,C+,B,C,C+,2024
22,TCESC,12311,4211504,NOVA TRENTO,2024,"0,15","0,38","0,56","0,49","0,66","0,61","0,65","0,529000",C,C,C+,C,B,B,B,C+,2024
22,TCESC,12312,4211603,NOVA VENEZA,2024,"0,32","0,39","0,49","0,49","0,10","0,73","0,45","0,488500",C,C,C,C,C,B,C,C,2024
22,TCESC,12313,4211652,NOVO HORIZONTE,2024,"0,27","0,47","0,49","0,72","0,38","0,60","0,29","0,489500",C,C,C,B,C,B,C,C,2024
22,TCESC,12314,4211702,ORLEANS,2024,"0,35","0,28","0,45","0,67","0,67","0,55","0,57","0,530500",C,C,C,B,B,C+,C+,C+,2024
22,TCESC,12315,4211751,OTACÍLIO COSTA,2024,"0,30","0,00","0,53","0,52","0,34","0,59","0,37","0,449000",C,C,C+,C+,C,C+,C,C,2024
22,TCESC,12316,4211801,OURO,2024,"0,35","0,41","0,55","0,81","0,43","0,69","0,19","0,525000",C,C,C+,B+,C,B,C,C+,2024
22,TCESC,12317,4211850,OURO VERDE,2024,"0,00","0,00","0,68","0,49","0,07","0,59","0,30","0,415500",C,C,B,C,C,C+,C,C,2024
22,TCESC,12318,4211876,PAIAL,2024,"0,45","0,15","0,49","0,77","0,23","0,39","0,33","0,460000",C,C,C,B+,C,C,C,C,2024
22,TCESC,12319,4211892,PAINEL,2024,"0,05","0,34","0,47","0,49","0,14","0,58","0,15","0,367000",C,C,C,C,C,C+,C,C,2024
22,TCESC,12320,4211900,PALHOÇA,2024,"0,21","0,62","0,47","0,63","0,62","0,57","0,31","0,479000",C,B,C,B,B,C+,C,C,2024
22,TCESC,12321,4212007,PALMA SOLA,2024,"0,12","0,60","0,70","0,72","0,38","0,69","0,26","0,535000",C,B,B,B,C,B,C,C+,2024
22,TCESC,12322,4212056,PALMEIRA,2024,"0,12","0,33","0,63","0,57","0,17","0,61","0,12","0,423000",C,C,B,C+,C,B,C,C,2024
22,TCESC,12323,4212106,PALMITOS,2024,"0,18","0,00","0,28","0,75","0,24","0,59","0,31","0,416000",C,C,C,B+,C,C+,C,C,2024
22,TCESC,12324,4212205,PAPANDUVA,2024,"0,04","0,43","0,43","0,39","0,27","0,59","0,49","0,419000",C,C,C,C,C,C+,C,C,2024
22,TCESC,12325,4212239,PARAÍSO,2024,"0,14","0,14","0,44","0,79","0,28","0,47","0,32","0,439000",C,C,C,B+,C,C,C,C,2024
22,TCESC,12326,4212254,PASSO DE TORRES,2024,"0,15","0,15","0,45","0,65","0,48","0,50","0,25","0,416500",C,C,C,B,C,C+,C,C,2024
22,TCESC,12327,4212270,PASSOS MAIA,2024,"0,14","0,42","0,55","0,69","0,25","0,60","0,67","0,549500",C,C,C+,B,C,B,B,C+,2024
22,TCESC,12328,4212304,PAULO LOPES,2024,"0,12","0,09","0,69","0,43","0,30","0,75","0,22","0,449500",C,C,B,C,C,B+,C,C,2024
22,TCESC,12329,4212403,PEDRAS GRANDES,2024,"0,15","0,13","0,49","0,45","0,28","0,60","0,16","0,375500",C,C,C,C,C,B,C,C,2024
22,TCESC,12330,4212502,PENHA,2024,"0,37","0,00","0,47","0,64","0,57","0,55","0,24","0,445500",C,C,C,B,C+,C+,C,C,2024
22,TCESC,12331,4212601,PERITIBA,2024,"0,21","0,15","0,60","0,49","0,40","0,68","0,46","0,494500",C,C,B,C,C,B,C,C,2024
22,TCESC,12332,4212650,PESCARIA BRAVA,2024,"0,00","0,03","0,60","0,49","0,33","0,49","0,22","0,378000",C,C,B,C,C,C,C,C,2024
22,TCESC,12333,4212700,PETROLÂNDIA,2024,"0,09","0,30","0,49","0,73","0,28","0,50","0,39","0,460000",C,C,C,B,C,C+,C,C,2024
22,TCESC,12334,4212809,BALNEÁRIO PIÇARRAS,2024,"0,51","0,53","0,59","0,74","0,71","0,63","0,22","0,549000",C+,C+,C+,B,B,B,C,C+,2024
22,TCESC,12335,4212908,PINHALZINHO,2024,"0,37","0,37","0,59","0,59","0,53","0,70","0,33","0,524000",C,C,C+,C+,C+,B,C,C+,2024
22,TCESC,12336,4213005,PINHEIRO PRETO,2024,"0,07","0,01","0,49","0,63","0,39","0,54","0,19","0,397000",C,C,C,B,C,C+,C,C,2024
22,TCESC,12337,4213104,PIRATUBA,2024,"0,00","0,13","0,53","0,83","0,31","0,59","0,21","0,454000",C,C,C+,B+,C,C+,C,C,2024
22,TCESC,12338,4213153,PLANALTO ALEGRE,2024,"0,24","0,17","0,42","0,49","0,60","0,61","0,40","0,446500",C,C,C,C,B,B,C,C,2024
22,TCESC,12339,4213203,POMERODE,2024,"0,50","0,00","0,51","0,49","0,71","0,67","0,48","0,515500",C+,C,C+,C,B,B,C,C+,2024
22,TCESC,12340,4213302,PONTE ALTA,2024,"0,00","0,00","0,25","0,73","0,18","0,57","0,48","0,415000",C,C,C,B,C,C+,C,C,2024
22,TCESC,12341,4213351,PONTE ALTA DO NORTE,2024,"0,13","0,31","0,36","0,77","0,68","0,64","0,17","0,450500",C,C,C,B+,B,B,C,C,2024
22,TCESC,12342,4213401,PONTE SERRADA,2024,"0,18","0,43","0,60","0,72","0,32","0,74","0,41","0,549500",C,C,B,B,C,B,C,C+,2024
22,TCESC,12343,4213500,PORTO BELO,2024,"0,42","0,19","0,48","0,61","0,51","0,75","0,30","0,505000",C,C,C,B,C+,B+,C,C+,2024
22,TCESC,12344,4213609,PORTO UNIÃO,2024,"0,37","0,55","0,49","0,66","0,77","0,70","0,27","0,527000",C,C+,C,B,B+,B,C,C+,2024
22,TCESC,12345,4213708,POUSO REDONDO,2024,"0,11","0,37","0,43","0,54","0,46","0,53","0,24","0,400500",C,C,C,C+,C,C+,C,C,2024
22,TCESC,12346,4213807,PRAIA GRANDE,2024,"0,21","0,26","0,53","0,68","0,22","0,68","0,15","0,453000",C,C,C+,B,C,B,C,C,2024
22,TCESC,12347,4213906,PRESIDENTE CASTELLO BRANCO,2024,"0,33","0,70","0,59","0,62","0,25","0,60","0,38","0,518500",C,B,C+,B,C,B,C,C+,2024
22,TCESC,12348,4214003,PRESIDENTE GETÚLIO,2024,"0,42","0,31","0,49","0,60","0,35","0,61","0,17","0,449000",C,C,C,B,C,B,C,C,2024
22,TCESC,12349,4214102,PRESIDENTE NEREU,2024,"0,11","0,41","0,49","0,76","0,42","0,64","0,30","0,490500",C,C,C,B+,C,B,C,C,2024
22,TCESC,12350,4214151,PRINCESA,2024,"0,19","0,08","0,60","0,70","0,41","0,78","0,29","0,517500",C,C,B,B,C,B+,C,C+,2024
22,TCESC,12351,4214201,QUILOMBO,2024,"0,12","0,41","0,52","0,49","0,43","0,65","0,18","0,422000",C,C,C+,C,C,B,C,C,2024
22,TCESC,12352,4214300,RANCHO QUEIMADO,2024,"0,31","0,14","0,50","0,69","0,33","0,62","0,27","0,470500",C,C,C+,B,C,B,C,C,2024
22,TCESC,12353,4214409,RIO DAS ANTAS,2024,"0,04","0,34","0,42","0,67","0,14","0,62","0,22","0,414000",C,C,C,B,C,B,C,C,2024
22,TCESC,12354,4214508,RIO DO CAMPO,2024,"0,36","0,26","0,34","0,49","0,11","0,76","0,24","0,420500",C,C,C,C,C,B+,C,C,2024
22,TCESC,12355,4214607,RIO DO OESTE,2024,"0,13","0,53","0,60","0,74","0,16","0,54","0,23","0,469500",C,C+,B,B,C,C+,C,C,2024
22,TCESC,12356,4214706,RIO DOS CEDROS,2024,"0,43","0,16","0,63","0,70","0,68","0,49","0,25","0,499000",C,C,B,B,B,C,C,C,2024
22,TCESC,12357,4214805,RIO DO SUL,2024,"0,51","0,33","0,58","0,80","0,69","0,56","0,25","0,540000",C+,C,C+,B+,B,C+,C,C+,2024
22,TCESC,12358,4214904,RIO FORTUNA,2024,"0,06","0,12","0,58","0,49","0,66","0,59","0,29","0,435000",C,C,C+,C,B,C+,C,C,2024
22,TCESC,12359,4215000,RIO NEGRINHO,2024,"0,23","0,26","0,54","0,77","0,75","0,59","0,20","0,493500",C,C,C+,B+,B+,C+,C,C,2024
22,TCESC,12360,4215059,RIO RUFINO,2024,"0,00","0,67","0,64","0,64","0,37","0,35","0,17","0,412000",C,B,B,B,C,C,C,C,2024
22,TCESC,12361,4215075,RIQUEZA,2024,"0,18","0,25","0,60","0,49","0,31","0,67","0,21","0,440000",C,C,B,C,C,B,C,C,2024
22,TCESC,12362,4215109,RODEIO,2024,"0,34","0,03","0,42","0,73","0,31","0,52","0,51","0,487000",C,C,C,B,C,C+,C+,C,2024
22,TCESC,12363,4215208,ROMELÂNDIA,2024,"0,15","0,02","0,43","0,71","0,20","0,73","0,20","0,440000",C,C,C,B,C,B,C,C,2024
22,TCESC,12364,4215307,SALETE,2024,"0,27","0,55","0,49","0,72","0,24","0,69","0,30","0,506500",C,C+,C,B,C,B,C,C+,2024
22,TCESC,12365,4215356,SALTINHO,2024,"0,04","0,09","0,51","0,56","0,14","0,67","0,01","0,365500",C,C,C+,C+,C,B,C,C,2024
22,TCESC,12366,4215406,SALTO VELOSO,2024,"0,24","0,32","0,61","0,72","0,30","0,60","0,12","0,465000",C,C,B,B,C,B,C,C,2024
22,TCESC,12367,4215455,SANGÃO,2024,"0,32","0,63","0,49","0,69","0,32","0,58","0,19","0,469500",C,B,C,B,C,C+,C,C,2024
22,TCESC,12368,4215505,SANTA CECÍLIA,2024,"0,00","0,18","0,63","0,62","0,31","0,45","0,17","0,398500",C,C,B,B,C,C,C,C,2024
22,TCESC,12369,4215554,SANTA HELENA,2024,"0,50","0,24","0,70","0,76","0,30","0,67","0,22","0,547000",C+,C,B,B+,C,B,C,C+,2024
22,TCESC,12370,4215604,SANTA ROSA DE LIMA,2024,"0,00","0,24","0,49","0,49","0,43","0,64","0,62","0,481500",C,C,C,C,C,B,B,C,2024
22,TCESC,12371,4215653,SANTA ROSA DO SUL,2024,"0,04","0,30","0,61","0,73","0,47","0,50","0,00","0,410500",C,C,B,B,C,C+,C,C,2024
22,TCESC,12372,4215679,SANTA TEREZINHA,2024,"0,10","0,41","0,41","0,56","0,18","0,60","0,18","0,389500",C,C,C,C+,C,B,C,C,2024
22,TCESC,12373,4215687,SANTA TEREZINHA DO PROGRESSO,2024,"0,00","0,42","0,46","0,65","0,39","0,65","0,45","0,482500",C,C,C,B,C,B,C,C,2024
22,TCESC,12374,4215695,SANTIAGO DO SUL,2024,"0,32","0,08","0,59","0,74","0,15","0,71","0,29","0,509500",C,C,C+,B,C,B,C,C+,2024
22,TCESC,12375,4215703,SANTO AMARO DA IMPERATRIZ,2024,"0,32","0,15","0,28","0,46","0,35","0,42","0,41","0,371000",C,C,C,C,C,C,C,C,2024
22,TCESC,12376,4215752,SÃO BERNARDINO,2024,"0,06","0,52","0,67","0,66","0,20","0,79","0,27","0,520000",C,C+,B,B,C,B+,C,C+,2024
22,TCESC,12377,4215802,SÃO BENTO DO SUL,2024,"0,44","0,49","0,67","0,73","0,68","0,74","0,30","0,590500",C,C,B,B,B,B,C,C+,2024
22,TCESC,12378,4215901,SÃO BONIFÁCIO,2024,"0,02","0,00","0,49","0,76","0,41","0,59","0,77","0,544500",C,C,C,B+,C,C+,B+,C+,2024
22,TCESC,12379,4216008,SÃO CARLOS,2024,"0,23","0,50","0,32","0,81","0,48","0,64","0,36","0,498000",C,C+,C,B+,C,B,C,C,2024
22,TCESC,12380,4216057,SÃO CRISTÓVÃO DO SUL,2024,"0,00","0,39","0,49","0,49","0,62","0,59","0,43","0,450500",C,C,C,C,B,C+,C,C,2024
22,TCESC,12381,4216107,SÃO DOMINGOS,2024,"0,35","0,59","0,49","0,68","0,49","0,52","0,55","0,537000",C,C+,C,B,C,C+,C+,C+,2024
22,TCESC,12382,4216206,SÃO FRANCISCO DO SUL,2024,"0,58","0,29","0,37","0,49","0,37","0,58","0,62","0,503000",C+,C,C,C,C,C+,B,C+,2024
22,TCESC,12383,4216255,SÃO JOÃO DO OESTE,2024,"0,27","0,36","0,62","0,71","0,56","0,57","0,17","0,487000",C,C,B,B,C+,C+,C,C,2024
22,TCESC,12384,4216305,SÃO JOÃO BATISTA,2024,"0,09","0,18","0,49","0,59","0,37","0,63","0,50","0,478500",C,C,C,C+,C,B,C+,C,2024
22,TCESC,12385,4216354,SÃO JOÃO DO ITAPERIÚ,2024,"0,22","0,16","0,64","0,49","0,10","0,60","0,24","0,429000",C,C,B,C,C,B,C,C,2024
22,TCESC,12386,4216404,SÃO JOÃO DO SUL,2024,"0,02","0,03","0,44","0,49","0,43","0,56","0,26","0,375000",C,C,C,C,C,C+,C,C,2024
22,TCESC,12387,4216503,SÃO JOAQUIM,2024,"0,54","0,25","0,53","0,51","0,50","0,56","0,33","0,477500",C+,C,C+,C+,C+,C+,C,C,2024
22,TCESC,12388,4216602,SÃO JOSÉ,2024,"0,50","0,18","0,55","0,58","0,70","0,57","0,19","0,472000",C+,C,C+,C+,B,C+,C,C,2024
22,TCESC,12389,4216701,SÃO JOSÉ DO CEDRO,2024,"0,39","0,08","0,46","0,71","0,33","0,61","0,35","0,485500",C,C,C,B,C,B,C,C,2024
22,TCESC,12390,4216800,SÃO JOSÉ DO CERRITO,2024,"0,03","0,40","0,47","0,51","0,33","0,49","0,28","0,389500",C,C,C,C+,C,C,C,C,2024
22,TCESC,12391,4216909,SÃO LOURENÇO DO OESTE,2024,"0,40","0,68","0,49","0,29","0,55","0,76","0,67","0,543500",C,B,C,C,C+,B+,B,C+,2024
22,TCESC,12392,4217006,SÃO LUDGERO,2024,"0,38","0,41","0,49","0,72","0,60","0,78","0,23","0,532500",C,C,C,B,B,B+,C,C+,2024
22,TCESC,12393,4217105,SÃO MARTINHO,2024,"0,22","0,46","0,49","0,77","0,31","0,47","0,56","0,518500",C,C,C,B+,C,C,C+,C+,2024
22,TCESC,12394,4217154,SÃO MIGUEL DA BOA VISTA,2024,"0,13","0,40","0,66","0,69","0,26","0,75","0,24","0,514000",C,C,B,B,C,B+,C,C+,2024
22,TCESC,12395,4217204,SÃO MIGUEL DO OESTE,2024,"0,41","0,27","0,57","0,83","0,68","0,70","0,32","0,572500",C,C,C+,B+,B,B,C,C+,2024
22,TCESC,12396,4217253,SÃO PEDRO DE ALCÂNTARA,2024,"0,19","0,50","0,61","0,51","0,07","0,64","0,19","0,437500",C,C+,B,C+,C,B,C,C,2024
22,TCESC,12397,4217303,SAUDADES,2024,"0,35","0,52","0,47","0,73","0,20","0,73","0,27","0,511000",C,C+,C,B,C,B,C,C+,2024
22,TCESC,12398,4217402,SCHROEDER,2024,"0,44","0,24","0,50","0,75","0,57","0,76","0,49","0,584500",C,C,C+,B+,C+,B+,C,C+,2024
22,TCESC,12399,4217501,SEARA,2024,"0,41","0,00","0,56","0,71","0,41","0,71","0,23","0,503500",C,C,C+,B,C,B,C,C+,2024
22,TCESC,12400,4217550,SERRA ALTA,2024,"0,08","0,31","0,62","0,72","0,27","0,69","0,56","0,555000",C,C,B,B,C,B,C+,C+,2024
22,TCESC,12401,4217600,SIDERÓPOLIS,2024,"0,16","0,59","0,44","0,71","0,30","0,64","0,30","0,478500",C,C+,C,B,C,B,C,C,2024
22,TCESC,12402,4217709,SOMBRIO,2024,"0,23","0,05","0,52","0,68","0,18","0,68","0,25","0,460500",C,C,C+,B,C,B,C,C,2024
22,TCESC,12403,4217758,SUL BRASIL,2024,"0,29","0,15","0,49","0,53","0,15","0,70","0,31","0,450000",C,C,C,C+,C,B,C,C,2024
22,TCESC,12404,4217808,TAIÓ,2024,"0,32","0,70","0,36","0,66","0,22","0,59","0,34","0,468000",C,B,C,B,C,C+,C,C,2024
22,TCESC,12405,4217907,TANGARÁ,2024,"0,22","0,44","0,59","0,66","0,55","0,61","0,43","0,529500",C,C,C+,B,C+,B,C,C+,2024
22,TCESC,12406,4217956,TIGRINHOS,2024,"0,31","0,18","0,43","0,79","0,25","0,81","0,28","0,514500",C,C,C,B+,C,B+,C,C+,2024
22,TCESC,12407,4218004,TIJUCAS,2024,"0,40","0,03","0,36","0,58","0,58","0,55","0,29","0,426500",C,C,C,C+,C+,C+,C,C,2024
22,TCESC,12408,4218103,TIMBÉ DO SUL,2024,"0,13","0,22","0,37","0,69","0,19","0,72","0,19","0,427500",C,C,C,B,C,B,C,C,2024
22,TCESC,12409,4218202,TIMBÓ,2024,"0,51","0,45","0,57","0,81","0,48","0,51","0,30","0,535500",C+,C,C+,B+,C,C+,C,C+,2024
22,TCESC,12410,4218251,TIMBÓ GRANDE,2024,"0,25","0,17","0,41","0,59","0,76","0,67","0,28","0,461500",C,C,C,C+,B+,B,C,C,2024
22,TCESC,12411,4218301,TRÊS BARRAS,2024,"0,22","0,73","0,40","0,59","0,25","0,53","0,47","0,469000",C,B,C,C+,C,C+,C,C,2024
22,TCESC,12412,4218350,TREVISO,2024,"0,07","0,71","0,49","0,65","0,57","0,69","0,31","0,499000",C,B,C,B,C+,B,C,C,2024
22,TCESC,12413,4218400,TREZE DE MAIO,2024,"0,00","0,07","0,42","0,57","0,22","0,75","0,32","0,426500",C,C,C,C+,C,B+,C,C,2024
22,TCESC,12414,4218509,TREZE TÍLIAS,2024,"0,56","0,26","0,49","0,80","0,50","0,64","0,73","0,626000",C+,C,C,B+,C+,B,B,B,2024
22,TCESC,12415,4218608,TROMBUDO CENTRAL,2024,"0,28","0,48","0,49","0,77","0,23","0,54","0,58","0,539500",C,C,C,B+,C,C+,C+,C+,2024
22,TCESC,12416,4218707,TUBARÃO,2024,"0,16","0,09","0,50","0,43","0,38","0,60","0,45","0,435500",C,C,C+,C,C,B,C,C,2024
22,TCESC,12417,4218756,TUNÁPOLIS,2024,"0,43","0,33","0,47","0,78","0,19","0,70","0,25","0,509000",C,C,C,B+,C,B,C,C+,2024
22,TCESC,12418,4218806,TURVO,2024,"0,06","0,10","0,41","0,80","0,19","0,56","0,85","0,544500",C,C,C,B+,C,C+,B+,C+,2024
22,TCESC,12419,4218855,UNIÃO DO OESTE,2024,"0,43","0,28","0,49","0,80","0,37","0,73","0,30","0,539500",C,C,C,B+,C,B,C,C+,2024
22,TCESC,12420,4218905,URUBICI,2024,"0,08","0,43","0,38","0,75","0,27","0,58","0,28","0,441000",C,C,C,B+,C,C+,C,C,2024
22,TCESC,12421,4218954,URUPEMA,2024,"0,48","0,34","0,47","0,49","0,22","0,65","0,26","0,450000",C,C,C,C,C,B,C,C,2024
22,TCESC,12422,4219002,URUSSANGA,2024,"0,10","0,25","0,49","0,49","0,96","0,67","0,39","0,478500",C,C,C,C,A,B,C,C,2024
22,TCESC,12423,4219101,VARGEÃO,2024,"0,25","0,35","0,56","0,76","0,49","0,62","0,36","0,527000",C,C,C+,B+,C,B,C,C+,2024
22,TCESC,12424,4219150,VARGEM,2024,"0,00","0,46","0,32","0,39","0,30","0,53","0,18","0,322000",C,C,C,C,C,C+,C,C,2024
22,TCESC,12425,4219176,VARGEM BONITA,2024,"0,28","0,29","0,51","0,81","0,24","0,59","0,22","0,480500",C,C,C+,B+,C,C+,C,C,2024
22,TCESC,12426,4219200,VIDAL RAMOS,2024,"0,21","0,22","0,50","0,74","0,16","0,68","0,27","0,478000",C,C,C+,B,C,B,C,C,2024
22,TCESC,12427,4219309,VIDEIRA,2024,"0,30","0,43","0,55","0,68","0,60","0,67","0,23","0,507500",C,C,C+,B,B,B,C,C+,2024
22,TCESC,12428,4219358,VITOR MEIRELES,2024,"0,03","0,26","0,56","0,74","0,12","0,62","0,16","0,438000",C,C,C+,B,C,B,C,C,2024
22,TCESC,12429,4219408,WITMARSUM,2024,"0,16","0,00","0,61","0,56","0,13","0,70","0,22","0,440500",C,C,B,C+,C,B,C,C,2024
22,TCESC,12430,4219507,XANXERÊ,2024,"0,14","0,50","0,49","0,68","0,67","0,59","0,33","0,490500",C,C+,C,B,B,C+,C,C,2024
22,TCESC,12431,4219606,XAVANTINA,2024,"0,25","0,21","0,64","0,83","0,28","0,61","0,43","0,551500",C,C,B,B+,C,B,C,C+,2024
22,TCESC,12432,4219705,XAXIM,2024,"0,47","0,21","0,40","0,79","0,29","0,54","0,30","0,478000",C,C,C,B+,C,C+,C,C,2024
22,TCESC,12433,4219853,ZORTÉA,2024,"0,47","0,25","0,56","0,84","0,11","0,53","0,26","0,503000",C,C,C+,B+,C,C+,C,C+,2024
22,TCESC,12434,4220000,BALNEÁRIO RINCÃO,2024,"0,16","0,26","0,64","0,64","0,42","0,61","0,25","0,478000",C,C,B,B,C,B,C,C,2024
